{"stats":{"minecraft:killed_by":{"minecraft:wither_skeleton":2,"minecraft:creeper":1,"alexsmobs:gorilla":2,"minecraft:husk":2,"alexsmobs:bison":1,"alexsmobs:centipede_head":2,"minecraft:skeleton":3},"minecraft:dropped":{"minecraft:iron_sword":1,"minecraft:moss_block":17,"minecraft:dark_oak_stairs":8,"minecraft:birch_planks":4,"minecraft:cooked_beef":9,"minecraft:oak_log":2,"minecraft:baked_potato":1,"minecraft:diamond":20,"minecraft:jungle_fence":1,"minecraft:orange_tulip":6,"minecraft:pitcher_pod":2,"minecraft:rooted_dirt":29,"travelersbackpack:blue_sleeping_bag":1,"minecraft:birch_slab":1,"alexsmobs:bison_fur":2,"minecraft:leather_helmet":1,"minecraft:flint":1,"minecraft:emerald":1,"minecraft:dirt":158,"minecraft:stone_button":8,"alexsmobs:flying_fish":1,"minecraft:gold_nugget":34,"minecraft:phantom_membrane":1,"minecraft:sand":17,"minecraft:birch_log":3,"minecraft:white_wool":2,"minecraft:bone":5,"minecraft:gravel":2,"minecraft:sugar_cane":5,"minecraft:iron_nugget":75,"minecraft:cobbled_deepslate":5,"biomesoplenty:redwood_sapling":3,"minecraft:birch_sapling":21,"minecraft:rotten_flesh":12,"minecraft:oak_planks":50,"minecraft:cooked_mutton":1,"minecraft:acacia_stairs":1,"minecraft:chainmail_chestplate":1,"alexsmobs:leafcutter_ant_pupa":1,"alexsmobs:elastic_tendon":4,"minecraft:oak_wood":17,"minecraft:beetroot_seeds":2,"minecraft:arrow":6,"biomesoplenty:mahogany_sapling":4,"minecraft:glass":2,"minecraft:brown_concrete":4,"minecraft:enchanted_book":1,"minecraft:wheat_seeds":21,"minecraft:lilac":1,"minecraft:oak_fence":9,"minecraft:iron_helmet":1,"minecraft:cobblestone":24,"minecraft:coal":28,"minecraft:stick":31,"minecraft:diamond_horse_armor":1,"minecraft:diorite":28,"minecraft:ink_sac":3,"tombstone:magic_scroll":1,"tombstone:grave_key":2,"tombstone:grave_dust":2,"minecraft:brown_terracotta":2,"minecraft:iron_axe":1,"minecraft:string":37,"minecraft:redstone":1,"minecraft:kelp":3,"minecraft:oak_trapdoor":6,"minecraft:green_terracotta":1,"minecraft:blaze_rod":5,"minecraft:raw_copper":5,"minecraft:tuff":6,"minecraft:clay_ball":37,"minecraft:stripped_acacia_wood":2,"alexscaves:cooked_tripodfish":1,"minecraft:filled_map":3,"minecraft:gray_terracotta":14,"minecraft:spruce_trapdoor":2,"minecraft:spruce_planks":25,"minecraft:andesite":1,"minecraft:oak_boat":1,"minecraft:oak_sapling":52,"minecraft:spider_eye":1,"minecraft:bow":2,"minecraft:raw_gold":2},"minecraft:mined":{"minecraft:dark_oak_planks":1,"minecraft:spruce_planks":72,"minecraft:cobbled_deepslate_stairs":2,"minecraft:jungle_leaves":15,"minecraft:obsidian":4,"travelersbackpack:blue_sleeping_bag":2,"minecraft:granite":45,"minecraft:grass_block":112,"minecraft:cracked_polished_blackstone_bricks":3,"minecraft:coal_block":10,"minecraft:polished_blackstone_brick_slab":7,"minecraft:nether_wart":2,"minecraft:gilded_blackstone":15,"minecraft:spawner":12,"minecraft:polished_blackstone_bricks":30,"minecraft:iron_ore":56,"minecraft:cobbled_deepslate":3,"minecraft:fire":13,"minecraft:deepslate_lapis_ore":19,"minecraft:anvil":4,"minecraft:dark_oak_stairs":1,"minecraft:enchanting_table":2,"minecraft:brown_bed":1,"minecraft:sculk_shrieker":1,"minecraft:iron_bars":6,"minecraft:player_head":3,"minecraft:spruce_slab":3,"minecraft:deepslate_redstone_ore":20,"minecraft:gray_terracotta":5,"minecraft:red_bed":1,"minecraft:blackstone":100,"biomesoplenty:glowworm_silk":1,"minecraft:smoker":1,"minecraft:clay":14,"minecraft:torch":11,"minecraft:blast_furnace":4,"minecraft:melon":1,"minecraft:chest":1,"minecraft:nether_quartz_ore":21,"minecraft:cobblestone":21,"minecraft:sugar_cane":2,"minecraft:oak_planks":13,"minecraft:wall_torch":1,"minecraft:cyan_wool":2,"minecraft:birch_log":79,"minecraft:lilac":1,"biomesoplenty:large_rose_quartz_bud":2,"minecraft:stripped_oak_wood":23,"minecraft:black_bed":4,"minecraft:tnt":5,"biomesoplenty:fir_log":3,"minecraft:grass":129,"minecraft:oak_log":188,"minecraft:sand":43,"minecraft:dirt":126,"minecraft:stonecutter":3,"minecraft:dispenser":1,"minecraft:netherrack":31,"minecraft:oak_leaves":128,"minecraft:deepslate":588,"minecraft:infested_deepslate":1,"alexscaves:spelunkery_table":4,"minecraft:crying_obsidian":1,"minecraft:tuff":20,"minecraft:brown_concrete":5,"minecraft:mossy_cobblestone":7,"minecraft:deepslate_diamond_ore":102,"minecraft:nether_bricks":28,"minecraft:redstone_wire":1,"minecraft:birch_slab":2,"minecraft:moss_block":3,"minecraft:rooted_dirt":29,"minecraft:hay_block":9,"minecraft:oak_trapdoor":2,"minecraft:furnace":2,"minecraft:acacia_stairs":2,"minecraft:green_terracotta":1,"minecraft:andesite":32,"minecraft:gold_block":23,"minecraft:nether_brick_fence":4,"minecraft:bookshelf":4,"biomesoplenty:high_grass":42,"minecraft:deepslate_iron_ore":3,"minecraft:shroomlight":1,"biomesoplenty:mahogany_leaves":11,"minecraft:rail":1,"minecraft:stripped_oak_log":3,"biomesoplenty:barley":10,"minecraft:stone":392,"minecraft:bone_block":401,"minecraft:white_wool":12,"minecraft:podzol":1,"minecraft:redstone_block":1,"minecraft:soul_sand":7,"minecraft:basalt":7,"minecraft:dandelion":1,"minecraft:polished_blackstone_brick_wall":8,"travelersbackpack:standard":3,"minecraft:crafting_table":13,"minecraft:oak_wood":1,"minecraft:emerald_ore":3,"minecraft:sculk_sensor":1,"minecraft:lectern":13,"biomesoplenty:high_grass_plant":88,"minecraft:tall_grass":8,"minecraft:copper_ore":7,"biomesoplenty:sprout":7,"minecraft:lapis_ore":12,"minecraft:polished_blackstone_brick_stairs":12,"minecraft:diorite":39,"minecraft:blue_bed":1,"minecraft:spruce_stairs":16,"minecraft:birch_planks":4,"minecraft:sweet_berry_bush":4,"minecraft:spruce_log":1,"minecraft:coal_ore":142,"biomesoplenty:redwood_leaves":33,"minecraft:sunflower":1,"minecraft:gravel":50,"minecraft:cobweb":3,"minecraft:brown_terracotta":2,"minecraft:stripped_acacia_wood":19,"minecraft:polished_blackstone":7,"minecraft:gold_ore":3,"minecraft:fern":7},"minecraft:picked_up":{"minecraft:redstone_block":1,"minecraft:nether_brick_fence":3,"minecraft:anvil":4,"minecraft:brown_bed":1,"minecraft:enchanted_book":1,"minecraft:gilded_blackstone":11,"tombstone:grave_key":1,"minecraft:polished_blackstone_brick_stairs":8,"minecraft:string":34,"minecraft:raw_copper":31,"minecraft:iron_leggings":1,"minecraft:pufferfish":10,"alexsmobs:banana":2,"minecraft:gold_nugget":22,"minecraft:cobbled_deepslate":472,"minecraft:spruce_planks":38,"minecraft:melon_slice":5,"minecraft:coal_block":10,"alexsmobs:raccoon_tail":1,"minecraft:furnace":2,"minecraft:polished_blackstone_brick_slab":7,"minecraft:stick":35,"minecraft:brown_terracotta":2,"minecraft:oak_fence":18,"minecraft:torch":15,"minecraft:spruce_stairs":7,"minecraft:porkchop":19,"tombstone:grave_dust":14,"minecraft:diorite":50,"minecraft:green_terracotta":2,"alexsmobs:centipede_leg":2,"minecraft:stone_sword":1,"minecraft:rotten_flesh":40,"biomesoplenty:mahogany_sapling":4,"minecraft:blaze_rod":5,"minecraft:obsidian":4,"minecraft:iron_bars":6,"minecraft:cobblestone":430,"minecraft:birch_log":79,"minecraft:enchanting_table":3,"minecraft:cooked_beef":25,"minecraft:feather":11,"minecraft:lilac":1,"biomesoplenty:fir_log":3,"minecraft:birch_slab":5,"minecraft:andesite":32,"minecraft:black_bed":4,"minecraft:smoker":1,"alexsmobs:bison_fur":2,"minecraft:flint":5,"minecraft:tuff":13,"biomesoplenty:mahogany_boat":4,"minecraft:lapis_lazuli":185,"minecraft:dirt":206,"minecraft:bone":58,"minecraft:gray_terracotta":14,"minecraft:stonecutter":3,"minecraft:bow":2,"minecraft:orange_tulip":11,"minecraft:wheat_seeds":23,"biomesoplenty:fir_boat":3,"minecraft:raw_gold":3,"minecraft:moss_block":23,"minecraft:pitcher_pod":2,"minecraft:oak_planks":60,"minecraft:cooked_porkchop":12,"minecraft:stripped_acacia_wood":2,"minecraft:sand":36,"minecraft:ink_sac":3,"minecraft:mossy_cobblestone":7,"minecraft:bundle":2,"minecraft:dispenser":1,"minecraft:diamond":102,"minecraft:cracked_polished_blackstone_bricks":3,"minecraft:granite":30,"minecraft:bone_meal":1,"alexsmobs:maggot":2,"minecraft:emerald":8,"minecraft:rooted_dirt":42,"minecraft:oak_sapling":53,"minecraft:netherrack":29,"minecraft:crafting_table":12,"minecraft:nether_wart":4,"minecraft:clay_ball":93,"minecraft:gold_block":23,"minecraft:oak_trapdoor":11,"minecraft:red_bed":1,"minecraft:iron_axe":1,"minecraft:blackstone":86,"alexsmobs:elastic_tendon":4,"minecraft:oak_boat":7,"minecraft:player_head":3,"minecraft:cyan_wool":2,"minecraft:lectern":13,"minecraft:jungle_sapling":1,"minecraft:iron_nugget":64,"minecraft:spruce_slab":2,"minecraft:minecart":1,"minecraft:birch_sapling":21,"minecraft:sugar_cane":5,"minecraft:chest":2,"minecraft:spruce_trapdoor":4,"minecraft:phantom_membrane":1,"minecraft:raw_iron":58,"minecraft:stone":3,"minecraft:polished_blackstone_bricks":22,"minecraft:stone_button":9,"minecraft:redstone":89,"alexsmobs:leafcutter_ant_pupa":1,"minecraft:dark_oak_planks":2,"minecraft:tnt":4,"minecraft:arrow":54,"minecraft:beetroot_seeds":2,"minecraft:nether_bricks":26,"minecraft:hay_block":9,"alexscaves:spelunkery_table":4,"minecraft:saddle":2,"minecraft:polished_blackstone":7,"biomesoplenty:redwood_sapling":6,"minecraft:rail":2,"minecraft:bone_block":394,"minecraft:white_wool":14,"minecraft:stripped_oak_log":3,"minecraft:basalt":7,"minecraft:jungle_fence":13,"minecraft:leather":6,"minecraft:filled_map":1,"alexsmobs:skreecher_soul":1,"minecraft:birch_planks":4,"minecraft:brown_concrete":8,"minecraft:oak_log":239,"minecraft:cobbled_deepslate_stairs":2,"minecraft:gunpowder":12,"tombstone:voodoo_poppet":1,"tombstone:gift":1,"alexsmobs:unsettling_kimono":1,"minecraft:cooked_mutton":15,"minecraft:apple":4,"minecraft:kelp":3,"minecraft:iron_ingot":43,"tombstone:bag_of_seeds":1,"minecraft:stripped_oak_wood":22,"minecraft:iron_sword":1,"minecraft:soul_sand":7,"minecraft:dark_oak_stairs":9,"minecraft:book":12,"minecraft:sweet_berries":9,"minecraft:quartz":26,"minecraft:gravel":43,"travelersbackpack:blue_sleeping_bag":2,"minecraft:blast_furnace":4,"minecraft:spruce_log":1,"minecraft:crying_obsidian":1,"minecraft:spider_eye":2,"travelersbackpack:standard":3,"minecraft:oak_wood":20,"tombstone:scroll_of_knowledge":1,"minecraft:chainmail_leggings":1,"minecraft:iron_helmet":1,"minecraft:polished_blackstone_brick_wall":7,"minecraft:baked_potato":2,"tombstone:magic_scroll":2,"minecraft:black_wool":9,"minecraft:coal":156,"minecraft:sunflower":1,"minecraft:ender_pearl":1},"minecraft:broken":{"minecraft:diamond_helmet":1,"minecraft:stone_pickaxe":2,"minecraft:diamond_boots":1,"minecraft:diamond_chestplate":1,"minecraft:diamond_leggings":1,"minecraft:shield":2,"minecraft:iron_axe":1,"minecraft:iron_pickaxe":1},"minecraft:killed":{"dungeonsweaponry:wraith":1,"minecraft:witch":1,"mythicmounts:nightmare":1,"minecraft:spider":11,"dungeonsweaponry:enchanter":2,"alexsmobs:murmur":1,"minecraft:pufferfish":10,"minecraft:skeleton":55,"alexsmobs:orca":1,"alexsmobs:leafcutter_ant":3,"minecraft:silverfish":17,"alexsmobs:centipede_head":1,"minecraft:piglin_brute":2,"minecraft:piglin":1,"minecraft:pig":5,"alexsmobs:anteater":1,"alexsmobs:grizzly_bear":1,"minecraft:zombie_villager":1,"alexsmobs:seal":1,"minecraft:creeper":4,"minecraft:sheep":9,"minecraft:goat":4,"alexsmobs:flutter":1,"minecraft:zombie":55,"alexsmobs:fly":1,"minecraft:cow":1,"minecraft:blaze":14,"alexsmobs:raccoon":4,"alexsmobs:seagull":1,"minecraft:phantom":2,"alexsmobs:bison":2,"alexsmobs:skreecher":1,"mythicmounts:geckotoalizard":1,"minecraft:husk":3,"minecraft:hoglin":1,"minecraft:wither_skeleton":3},"minecraft:crafted":{"minecraft:oak_planks":548,"minecraft:diamond_shovel":1,"minecraft:bookshelf":1,"minecraft:glass":4,"minecraft:diamond_leggings":1,"tombstone:grave_key":1,"minecraft:chest":6,"minecraft:smoker":2,"alexscaves:smooth_bone":12,"minecraft:emerald":22,"minecraft:cooked_porkchop":13,"minecraft:crafting_table":8,"minecraft:iron_helmet":1,"minecraft:birch_planks":48,"biomesoplenty:fir_planks":12,"minecraft:iron_chestplate":1,"minecraft:diamond_pickaxe":2,"minecraft:shield":2,"minecraft:stick":776,"minecraft:iron_ingot":145,"minecraft:iron_pickaxe":1,"minecraft:iron_block":6,"minecraft:shears":1,"minecraft:oak_door":3,"minecraft:iron_nugget":9,"minecraft:furnace":3,"minecraft:oak_trapdoor":16,"minecraft:flint_and_steel":1,"minecraft:iron_axe":3,"minecraft:stone_pickaxe":1,"furnitura:small_table_oak":1,"minecraft:wheat":81,"biomesoplenty:fir_boat":1,"minecraft:enchanting_table":1,"travelersbackpack:backpack_tank":1,"minecraft:bucket":1,"minecraft:bread":21,"minecraft:air":0,"minecraft:oak_boat":3,"minecraft:anvil":2,"minecraft:diamond_chestplate":2},"minecraft:custom":{"minecraft:animals_bred":4,"minecraft:interact_with_crafting_table":56,"minecraft:open_barrel":57,"minecraft:leave_game":14,"minecraft:time_since_death":12795,"minecraft:damage_resisted":169,"minecraft:sprint_one_cm":973492,"minecraft:damage_blocked_by_shield":4490,"minecraft:drop":164,"minecraft:talked_to_villager":45,"minecraft:play_time":584545,"minecraft:deaths":19,"minecraft:jump":8804,"minecraft:walk_on_water_one_cm":67878,"minecraft:enchant_item":5,"minecraft:interact_with_furnace":15,"minecraft:traded_with_villager":22,"minecraft:interact_with_loom":32,"minecraft:sleep_in_bed":7,"minecraft:damage_dealt":47287,"minecraft:crouch_one_cm":119164,"tombstone:undead_killed":120,"minecraft:interact_with_smoker":6,"minecraft:inspect_dispenser":1,"minecraft:horse_one_cm":1797520,"minecraft:interact_with_anvil":6,"minecraft:mob_kills":257,"minecraft:climb_one_cm":12833,"minecraft:walk_one_cm":1016126,"minecraft:sneak_time":44133,"minecraft:walk_under_water_one_cm":110264,"minecraft:boat_one_cm":614143,"minecraft:interact_with_blast_furnace":17,"minecraft:total_world_time":584545,"tombstone:raider_killed":3,"minecraft:time_since_rest":12493,"minecraft:damage_taken":12864,"minecraft:damage_absorbed":513,"tombstone:cast_on_ally":1,"minecraft:swim_one_cm":325280,"minecraft:fly_one_cm":1858273,"minecraft:open_chest":176,"minecraft:fall_one_cm":284611},"minecraft:used":{"minecraft:nether_brick_fence":3,"minecraft:iron_shovel":128,"minecraft:spruce_slab":1,"minecraft:polished_blackstone":5,"minecraft:chest":7,"minecraft:shield":93,"minecraft:brown_concrete":1,"minecraft:iron_sword":568,"minecraft:iron_chestplate":1,"minecraft:soul_sand":7,"minecraft:nether_bricks":26,"minecraft:cyan_wool":2,"minecraft:tuff":7,"minecraft:milk_bucket":1,"minecraft:obsidian":5,"minecraft:jungle_sapling":1,"minecraft:polished_blackstone_brick_wall":4,"minecraft:iron_helmet":1,"minecraft:furnace":2,"minecraft:chiseled_polished_blackstone":1,"minecraft:chorus_fruit":4,"minecraft:oak_planks":61,"minecraft:diamond_boots":1,"minecraft:stone_pickaxe":244,"minecraft:blackstone":91,"biomesoplenty:fir_planks":3,"biomesoplenty:fir_boat":4,"minecraft:white_wool":2,"minecraft:golden_apple":10,"travelersbackpack:blue_sleeping_bag":1,"minecraft:sand":7,"alexscaves:cave_book":5,"minecraft:blast_furnace":3,"minecraft:black_bed":3,"minecraft:crying_obsidian":1,"minecraft:melon_slice":5,"minecraft:birch_slab":4,"minecraft:bread":36,"minecraft:stone_button":1,"minecraft:lectern":13,"minecraft:gravel":21,"minecraft:diamond_sword":362,"minecraft:oak_boat":7,"minecraft:oak_trapdoor":16,"minecraft:polished_blackstone_brick_slab":7,"minecraft:enchanting_table":3,"minecraft:flint_and_steel":33,"minecraft:spruce_planks":3,"minecraft:netherrack":29,"minecraft:oak_door":3,"minecraft:torch":73,"minecraft:dirt":55,"minecraft:anvil":5,"tombstone:scroll_of_aquatic_life":1,"minecraft:granite":2,"minecraft:dark_oak_planks":1,"minecraft:bookshelf":1,"minecraft:iron_axe":477,"minecraft:polished_blackstone_brick_stairs":7,"minecraft:diamond_chestplate":1,"minecraft:bamboo":25,"alexscaves:spelunkery_table":3,"minecraft:basalt":7,"minecraft:golden_carrot":24,"alexsmobs:banana":2,"tombstone:gift":6,"minecraft:cooked_beef":16,"minecraft:cobbled_deepslate":69,"minecraft:enchanted_golden_apple":2,"minecraft:iron_leggings":1,"minecraft:cooked_mutton":11,"minecraft:water_bucket":176,"tombstone:scroll_of_knowledge":1,"minecraft:bundle":2,"furnitura:small_table_oak":1,"minecraft:stonecutter":2,"minecraft:polished_blackstone_bricks":20,"minecraft:gilded_blackstone":9,"minecraft:rail":1,"minecraft:tnt":4,"minecraft:crafting_table":17,"minecraft:red_bed":1,"alexscaves:cooked_radgill":2,"minecraft:spruce_log":1,"minecraft:smoker":2,"alexscaves:smooth_bone":6,"tombstone:bag_of_seeds":3,"minecraft:oak_log":4,"minecraft:diamond_pickaxe":1699,"minecraft:diamond_shovel":242,"minecraft:sunflower":1,"minecraft:cracked_polished_blackstone_bricks":2,"minecraft:iron_pickaxe":382,"minecraft:leather_helmet":1,"biomesoplenty:mahogany_boat":3,"minecraft:cobblestone":126,"travelersbackpack:standard":27,"minecraft:cooked_porkchop":12,"minecraft:bucket":183,"minecraft:splash_potion":3}},"DataVersion":3465}