{"stats":{"minecraft:killed_by":{"minecraft:wither_skeleton":2,"alexsmobs:gorilla":2,"minecraft:husk":2,"alexsmobs:bison":1,"alexsmobs:centipede_head":2},"minecraft:dropped":{"minecraft:moss_block":1,"minecraft:birch_planks":4,"minecraft:cooked_beef":8,"minecraft:oak_log":2,"minecraft:baked_potato":1,"minecraft:diamond":20,"minecraft:pitcher_pod":1,"minecraft:rooted_dirt":29,"travelersbackpack:blue_sleeping_bag":1,"minecraft:leather_helmet":1,"minecraft:birch_slab":1,"alexsmobs:bison_fur":2,"minecraft:emerald":1,"minecraft:dirt":51,"minecraft:gold_nugget":34,"minecraft:phantom_membrane":1,"minecraft:birch_log":3,"minecraft:white_wool":2,"minecraft:bone":5,"minecraft:gravel":2,"minecraft:sugar_cane":5,"minecraft:iron_nugget":75,"minecraft:cobbled_deepslate":5,"biomesoplenty:redwood_sapling":3,"minecraft:birch_sapling":21,"minecraft:rotten_flesh":9,"minecraft:oak_planks":46,"minecraft:acacia_stairs":1,"minecraft:chainmail_chestplate":1,"alexsmobs:leafcutter_ant_pupa":1,"alexsmobs:elastic_tendon":4,"minecraft:arrow":6,"biomesoplenty:mahogany_sapling":4,"minecraft:glass":2,"minecraft:enchanted_book":1,"minecraft:wheat_seeds":20,"minecraft:lilac":1,"minecraft:iron_helmet":1,"minecraft:cobblestone":23,"minecraft:coal":28,"minecraft:stick":31,"minecraft:diorite":12,"tombstone:magic_scroll":1,"tombstone:grave_key":1,"tombstone:grave_dust":2,"minecraft:string":34,"minecraft:kelp":3,"minecraft:raw_copper":5,"minecraft:clay_ball":37,"minecraft:stripped_acacia_wood":2,"minecraft:filled_map":1,"minecraft:spruce_planks":7,"minecraft:oak_boat":1,"minecraft:oak_sapling":52,"minecraft:bow":2,"minecraft:raw_gold":2},"minecraft:mined":{"minecraft:spruce_planks":70,"minecraft:cobbled_deepslate_stairs":2,"minecraft:jungle_leaves":4,"travelersbackpack:blue_sleeping_bag":2,"minecraft:granite":13,"minecraft:grass_block":25,"minecraft:coal_block":9,"minecraft:spawner":5,"minecraft:iron_ore":56,"minecraft:deepslate_lapis_ore":6,"minecraft:anvil":4,"minecraft:enchanting_table":2,"minecraft:brown_bed":1,"minecraft:sculk_shrieker":1,"minecraft:spruce_slab":2,"minecraft:red_bed":1,"biomesoplenty:glowworm_silk":1,"minecraft:smoker":1,"minecraft:clay":14,"minecraft:blast_furnace":3,"minecraft:cobblestone":14,"minecraft:sugar_cane":2,"minecraft:oak_planks":6,"minecraft:cyan_wool":2,"minecraft:birch_log":67,"minecraft:lilac":1,"minecraft:stripped_oak_wood":23,"minecraft:tnt":5,"minecraft:black_bed":3,"minecraft:grass":111,"minecraft:oak_log":152,"minecraft:sand":10,"minecraft:dirt":25,"minecraft:stonecutter":3,"minecraft:oak_leaves":115,"minecraft:deepslate":11,"alexscaves:spelunkery_table":4,"minecraft:tuff":5,"minecraft:mossy_cobblestone":7,"minecraft:deepslate_diamond_ore":12,"minecraft:birch_slab":2,"minecraft:moss_block":3,"minecraft:rooted_dirt":29,"minecraft:hay_block":2,"minecraft:oak_trapdoor":2,"minecraft:furnace":2,"minecraft:acacia_stairs":2,"minecraft:andesite":15,"minecraft:bookshelf":4,"minecraft:deepslate_iron_ore":3,"biomesoplenty:high_grass":29,"minecraft:shroomlight":1,"biomesoplenty:mahogany_leaves":11,"minecraft:rail":1,"minecraft:stripped_oak_log":3,"minecraft:stone":251,"minecraft:white_wool":12,"minecraft:podzol":1,"travelersbackpack:standard":2,"minecraft:crafting_table":10,"minecraft:emerald_ore":2,"minecraft:sculk_sensor":1,"biomesoplenty:high_grass_plant":43,"minecraft:tall_grass":5,"minecraft:copper_ore":7,"minecraft:lapis_ore":12,"minecraft:diorite":27,"minecraft:blue_bed":1,"minecraft:spruce_stairs":14,"minecraft:birch_planks":4,"minecraft:sweet_berry_bush":4,"minecraft:coal_ore":142,"biomesoplenty:redwood_leaves":33,"minecraft:gravel":2,"minecraft:cobweb":3,"minecraft:stripped_acacia_wood":19,"minecraft:gold_ore":3,"minecraft:fern":6},"minecraft:picked_up":{"minecraft:anvil":4,"minecraft:brown_bed":1,"minecraft:enchanted_book":1,"minecraft:string":31,"minecraft:raw_copper":31,"alexsmobs:banana":2,"minecraft:gold_nugget":17,"minecraft:cobbled_deepslate":21,"minecraft:spruce_planks":18,"alexsmobs:raccoon_tail":1,"minecraft:coal_block":9,"minecraft:furnace":2,"minecraft:stick":35,"minecraft:porkchop":19,"tombstone:grave_dust":9,"minecraft:diorite":27,"alexsmobs:centipede_leg":2,"minecraft:rotten_flesh":38,"biomesoplenty:mahogany_sapling":4,"minecraft:cobblestone":283,"minecraft:enchanting_table":3,"minecraft:birch_log":67,"minecraft:lilac":1,"minecraft:cooked_beef":23,"minecraft:birch_slab":5,"minecraft:andesite":15,"minecraft:black_bed":3,"minecraft:smoker":1,"alexsmobs:bison_fur":2,"minecraft:tuff":4,"minecraft:lapis_lazuli":115,"minecraft:dirt":56,"minecraft:bone":10,"minecraft:stonecutter":3,"minecraft:bow":2,"minecraft:wheat_seeds":20,"minecraft:raw_gold":3,"minecraft:moss_block":1,"minecraft:oak_planks":52,"minecraft:pitcher_pod":1,"minecraft:stripped_acacia_wood":2,"minecraft:sand":10,"minecraft:mossy_cobblestone":7,"minecraft:bundle":1,"minecraft:diamond":12,"minecraft:granite":13,"minecraft:emerald":7,"minecraft:rooted_dirt":42,"alexsmobs:maggot":2,"minecraft:oak_sapling":52,"minecraft:crafting_table":9,"minecraft:clay_ball":93,"minecraft:oak_trapdoor":5,"minecraft:red_bed":1,"alexsmobs:elastic_tendon":4,"minecraft:oak_boat":4,"minecraft:cyan_wool":2,"minecraft:jungle_sapling":1,"minecraft:iron_nugget":64,"minecraft:spruce_slab":1,"minecraft:sugar_cane":5,"minecraft:birch_sapling":21,"minecraft:phantom_membrane":1,"minecraft:raw_iron":58,"alexsmobs:leafcutter_ant_pupa":1,"minecraft:dark_oak_planks":1,"minecraft:tnt":4,"minecraft:arrow":20,"minecraft:hay_block":2,"alexscaves:spelunkery_table":4,"minecraft:saddle":1,"biomesoplenty:redwood_sapling":6,"minecraft:white_wool":14,"minecraft:rail":2,"minecraft:stripped_oak_log":3,"minecraft:leather":6,"minecraft:birch_planks":4,"alexsmobs:skreecher_soul":1,"minecraft:oak_log":195,"minecraft:cobbled_deepslate_stairs":2,"tombstone:voodoo_poppet":1,"tombstone:gift":1,"alexsmobs:unsettling_kimono":1,"minecraft:cooked_mutton":15,"minecraft:apple":4,"minecraft:kelp":3,"minecraft:stripped_oak_wood":22,"tombstone:bag_of_seeds":1,"minecraft:book":12,"minecraft:sweet_berries":9,"minecraft:gravel":2,"travelersbackpack:blue_sleeping_bag":2,"minecraft:blast_furnace":3,"minecraft:spider_eye":1,"travelersbackpack:standard":2,"minecraft:baked_potato":2,"tombstone:magic_scroll":2,"minecraft:coal":155,"minecraft:ender_pearl":1},"minecraft:broken":{"minecraft:shield":2,"minecraft:iron_axe":1},"minecraft:killed":{"minecraft:witch":1,"minecraft:spider":10,"dungeonsweaponry:enchanter":1,"alexsmobs:murmur":1,"minecraft:skeleton":16,"alexsmobs:orca":1,"alexsmobs:leafcutter_ant":3,"alexsmobs:centipede_head":1,"alexsmobs:anteater":1,"alexsmobs:grizzly_bear":1,"minecraft:zombie_villager":1,"alexsmobs:seal":1,"minecraft:creeper":1,"minecraft:sheep":9,"alexsmobs:flutter":1,"minecraft:zombie":50,"alexsmobs:fly":1,"alexsmobs:raccoon":4,"minecraft:phantom":2,"alexsmobs:bison":2,"alexsmobs:skreecher":1,"minecraft:husk":3,"minecraft:hoglin":1,"minecraft:wither_skeleton":1},"minecraft:crafted":{"minecraft:oak_planks":276,"minecraft:glass":4,"minecraft:diamond_leggings":1,"tombstone:grave_key":1,"minecraft:chest":4,"minecraft:smoker":2,"minecraft:emerald":6,"minecraft:cooked_porkchop":13,"minecraft:crafting_table":4,"minecraft:iron_helmet":1,"minecraft:iron_chestplate":1,"minecraft:diamond_pickaxe":2,"minecraft:shield":2,"minecraft:stick":220,"minecraft:iron_ingot":127,"minecraft:iron_block":6,"minecraft:shears":1,"minecraft:oak_door":3,"minecraft:iron_nugget":9,"minecraft:furnace":3,"minecraft:oak_trapdoor":16,"minecraft:iron_axe":2,"furnitura:small_table_oak":1,"minecraft:wheat":18,"minecraft:enchanting_table":1,"travelersbackpack:backpack_tank":1,"minecraft:bucket":1,"minecraft:air":0,"minecraft:oak_boat":2,"minecraft:anvil":2,"minecraft:diamond_chestplate":1},"minecraft:custom":{"minecraft:animals_bred":4,"minecraft:interact_with_crafting_table":46,"minecraft:open_barrel":23,"minecraft:leave_game":12,"minecraft:time_since_death":22929,"minecraft:damage_resisted":94,"minecraft:sprint_one_cm":618173,"minecraft:damage_blocked_by_shield":3650,"minecraft:drop":99,"minecraft:talked_to_villager":14,"minecraft:play_time":330802,"minecraft:deaths":13,"minecraft:jump":4852,"minecraft:walk_on_water_one_cm":35493,"minecraft:enchant_item":4,"minecraft:interact_with_furnace":9,"minecraft:traded_with_villager":6,"minecraft:interact_with_loom":21,"minecraft:sleep_in_bed":5,"minecraft:damage_dealt":25506,"minecraft:crouch_one_cm":58729,"tombstone:undead_killed":74,"minecraft:interact_with_smoker":5,"minecraft:horse_one_cm":59,"minecraft:mob_kills":139,"minecraft:interact_with_anvil":3,"minecraft:climb_one_cm":8615,"minecraft:walk_one_cm":567395,"minecraft:sneak_time":20787,"minecraft:walk_under_water_one_cm":51495,"minecraft:boat_one_cm":168255,"minecraft:interact_with_blast_furnace":13,"minecraft:total_world_time":330802,"tombstone:raider_killed":3,"minecraft:time_since_rest":22909,"minecraft:damage_taken":8256,"minecraft:damage_absorbed":217,"minecraft:swim_one_cm":126008,"minecraft:fly_one_cm":1121502,"minecraft:open_chest":80,"minecraft:fall_one_cm":165272},"minecraft:used":{"minecraft:iron_shovel":128,"minecraft:spruce_slab":1,"minecraft:chest":4,"minecraft:shield":70,"minecraft:iron_sword":494,"minecraft:iron_chestplate":1,"minecraft:tuff":4,"minecraft:cyan_wool":2,"minecraft:jungle_sapling":1,"minecraft:iron_helmet":1,"minecraft:furnace":2,"minecraft:diamond_boots":1,"minecraft:oak_planks":52,"minecraft:white_wool":2,"minecraft:golden_apple":5,"travelersbackpack:blue_sleeping_bag":1,"alexscaves:cave_book":1,"minecraft:blast_furnace":2,"minecraft:black_bed":2,"minecraft:birch_slab":4,"minecraft:bread":15,"minecraft:diamond_sword":36,"minecraft:oak_boat":3,"minecraft:oak_trapdoor":16,"minecraft:enchanting_table":3,"minecraft:spruce_planks":3,"minecraft:oak_door":3,"minecraft:torch":31,"minecraft:dirt":4,"minecraft:anvil":5,"minecraft:granite":2,"minecraft:dark_oak_planks":1,"minecraft:iron_axe":378,"alexscaves:spelunkery_table":3,"minecraft:golden_carrot":24,"alexsmobs:banana":2,"tombstone:gift":4,"minecraft:cooked_beef":15,"minecraft:cobbled_deepslate":2,"minecraft:enchanted_golden_apple":1,"minecraft:iron_leggings":1,"minecraft:cooked_mutton":5,"minecraft:water_bucket":128,"minecraft:bundle":2,"furnitura:small_table_oak":1,"minecraft:stonecutter":2,"minecraft:rail":1,"minecraft:tnt":1,"minecraft:crafting_table":12,"minecraft:red_bed":1,"minecraft:smoker":2,"minecraft:oak_log":4,"tombstone:bag_of_seeds":3,"minecraft:diamond_pickaxe":505,"minecraft:iron_pickaxe":131,"minecraft:leather_helmet":1,"minecraft:cobblestone":115,"travelersbackpack:standard":8,"minecraft:bucket":134,"minecraft:splash_potion":3}},"DataVersion":3465}