{"stats":{"minecraft:dropped":{"minecraft:enchanted_book":2,"minecraft:stone_hoe":1,"minecraft:bread":124,"minecraft:wheat_seeds":2,"minecraft:cooked_beef":1,"minecraft:dark_oak_sapling":2,"biomesoplenty:mahogany_planks":8,"minecraft:granite":10,"minecraft:spruce_button":96,"minecraft:dirt":80,"minecraft:diorite":3,"minecraft:torch":20,"minecraft:cornflower":1,"minecraft:melon_slice":4,"minecraft:brown_wool":1,"minecraft:pumpkin":7,"minecraft:iron_pickaxe":1,"minecraft:dandelion":1,"minecraft:bone":1,"minecraft:gravel":6,"biomesoplenty:toadstool":1,"minecraft:stone_axe":1,"minecraft:sugar_cane":3,"minecraft:raw_iron":2,"minecraft:stone_shovel":2,"minecraft:rotten_flesh":14,"minecraft:carrot":59,"minecraft:poppy":2,"minecraft:shield":1,"minecraft:oak_button":21,"minecraft:andesite":11,"minecraft:chainmail_boots":1,"minecraft:oak_sapling":1,"minecraft:acacia_sapling":3,"minecraft:arrow":1,"minecraft:stone_pickaxe":1,"minecraft:wooden_pickaxe":1},"minecraft:mined":{"minecraft:white_bed":9,"minecraft:dark_oak_leaves":2,"minecraft:deepslate_diamond_ore":2,"minecraft:dark_oak_log":47,"minecraft:ladder":8,"minecraft:granite":17,"biomesoplenty:bush":28,"minecraft:acacia_log":14,"minecraft:grass_block":94,"biomesoplenty:flowering_oak_leaves":1,"minecraft:spruce_leaves":15,"minecraft:chiseled_stone_bricks":1,"minecraft:hay_block":28,"minecraft:oak_trapdoor":1,"minecraft:carrots":39,"minecraft:furnace":6,"minecraft:acacia_trapdoor":1,"biomesoplenty:orange_cosmos":1,"minecraft:iron_ore":108,"minecraft:andesite":13,"minecraft:moss_carpet":3,"minecraft:pumpkin":8,"minecraft:fletching_table":8,"biomesoplenty:high_grass":18,"minecraft:dirt_path":43,"minecraft:water_cauldron":4,"minecraft:deepslate_iron_ore":6,"minecraft:stone":329,"minecraft:podzol":2,"minecraft:deepslate_redstone_ore":8,"minecraft:acacia_leaves":1,"minecraft:cyan_terracotta":1,"biomesoplenty:black_sand":5,"minecraft:dandelion":1,"minecraft:oak_fence":3,"minecraft:crafting_table":20,"minecraft:torch":15,"biomesoplenty:black_sandstone":2,"minecraft:poppy":4,"minecraft:melon":1,"biomesoplenty:mahogany_planks":9,"minecraft:chest":1,"minecraft:rose_bush":1,"minecraft:stone_slab":4,"biomesoplenty:high_grass_plant":25,"minecraft:copper_ore":1,"minecraft:tall_grass":21,"minecraft:cobblestone":18,"biomesoplenty:sprout":1,"minecraft:oak_planks":17,"minecraft:sugar_cane":13,"minecraft:wall_torch":5,"minecraft:diorite":8,"biomesoplenty:mahogany_log":13,"minecraft:wheat":173,"biomesoplenty:pink_daffodil":1,"minecraft:spruce_log":834,"minecraft:infested_mossy_stone_bricks":2,"minecraft:grass":300,"minecraft:oak_log":101,"minecraft:coal_ore":247,"minecraft:beetroots":1,"minecraft:gravel":84,"minecraft:dirt":233,"minecraft:cracked_stone_bricks":1,"minecraft:stone_bricks":1,"minecraft:gold_ore":6,"minecraft:oak_leaves":38,"minecraft:deepslate":12,"minecraft:fern":6},"minecraft:picked_up":{"minecraft:wooden_axe":1,"minecraft:crafting_table":20,"minecraft:wheat":151,"minecraft:chainmail_boots":1,"minecraft:ladder":6,"minecraft:lead":2,"minecraft:wooden_pickaxe":2,"minecraft:enchanted_book":1,"minecraft:cornflower":1,"minecraft:oak_trapdoor":1,"minecraft:moss_carpet":6,"minecraft:raw_copper":4,"biomesoplenty:black_sand":5,"minecraft:cobbled_deepslate":13,"minecraft:oak_boat":2,"minecraft:poppy":7,"minecraft:melon_slice":21,"minecraft:sugar_cane":22,"minecraft:chest":1,"minecraft:furnace":6,"minecraft:dark_oak_sapling":2,"minecraft:stick":55,"minecraft:raw_iron":114,"minecraft:oak_fence":1,"minecraft:torch":18,"minecraft:acacia_log":14,"minecraft:porkchop":7,"tombstone:grave_dust":5,"minecraft:diorite":5,"minecraft:carrot":137,"minecraft:cauldron":4,"minecraft:arrow":12,"minecraft:stone_shovel":1,"minecraft:rotten_flesh":30,"minecraft:tropical_fish":20,"minecraft:beetroot_seeds":2,"minecraft:hay_block":27,"tombstone:essence_of_undeath":1,"minecraft:mutton":36,"biomesoplenty:orange_cosmos":1,"minecraft:white_wool":22,"minecraft:cobblestone":346,"biomesoplenty:black_sandstone":2,"minecraft:feather":1,"minecraft:andesite":14,"minecraft:brown_wool":2,"minecraft:leather":3,"alexsmobs:bison_fur":1,"minecraft:flint":12,"minecraft:oak_log":96,"biomesoplenty:mahogany_boat":1,"minecraft:acacia_boat":3,"minecraft:dirt":392,"tombstone:gift":1,"minecraft:bone":10,"minecraft:apple":1,"minecraft:wheat_seeds":492,"minecraft:acacia_trapdoor":1,"minecraft:raw_gold":5,"minecraft:iron_ingot":15,"tombstone:bag_of_seeds":1,"minecraft:fletching_table":8,"minecraft:stone_hoe":1,"minecraft:oak_planks":24,"minecraft:acacia_sapling":6,"biomesoplenty:mahogany_planks":16,"biomesoplenty:toadstool":1,"minecraft:pumpkin":14,"minecraft:dandelion":2,"minecraft:gravel":62,"minecraft:sand":5,"minecraft:spruce_sapling":69,"minecraft:white_bed":9,"minecraft:spruce_log":833,"minecraft:dark_oak_log":46,"minecraft:spider_eye":1,"biomesoplenty:mahogany_log":13,"minecraft:diamond":2,"minecraft:stone_axe":1,"minecraft:granite":18,"minecraft:emerald":4,"minecraft:spruce_button":48,"minecraft:bread":22,"minecraft:oak_sapling":4,"minecraft:coal":362,"minecraft:ender_pearl":1},"minecraft:broken":{"minecraft:stone_hoe":1,"minecraft:stone_pickaxe":1,"minecraft:iron_axe":1,"minecraft:stone_axe":5,"minecraft:iron_pickaxe":2,"minecraft:wooden_axe":1,"minecraft:stone_shovel":3},"minecraft:killed":{"minecraft:spider":1,"minecraft:skeleton":10,"minecraft:pig":4,"minecraft:iron_golem":3,"minecraft:wandering_trader":1,"minecraft:sheep":24,"minecraft:trader_llama":2,"minecraft:pillager":5,"minecraft:zombie":27,"alexsmobs:crow":1},"minecraft:crafted":{"minecraft:smooth_stone":3,"minecraft:oak_planks":384,"minecraft:stone_shovel":4,"biomesoplenty:mahogany_planks":52,"minecraft:spruce_button":48,"minecraft:furnace":3,"minecraft:blast_furnace":1,"minecraft:stone":3,"minecraft:bone_meal":9,"minecraft:cooked_mutton":32,"minecraft:oak_trapdoor":2,"minecraft:diamond_helmet":2,"minecraft:iron_axe":10,"minecraft:ladder":12,"minecraft:stone_pickaxe":2,"minecraft:chest":19,"minecraft:oak_button":21,"minecraft:dark_oak_planks":128,"minecraft:stone_hoe":2,"minecraft:wheat":243,"minecraft:cooked_beef":8,"minecraft:coal_block":1,"minecraft:emerald":158,"minecraft:cooked_porkchop":4,"minecraft:crafting_table":11,"minecraft:spruce_planks":2536,"minecraft:iron_helmet":1,"minecraft:acacia_trapdoor":2,"minecraft:chainmail_chestplate":12,"minecraft:smithing_table":1,"minecraft:fletching_table":6,"minecraft:bucket":1,"minecraft:stone_axe":16,"minecraft:air":0,"minecraft:bread":130,"minecraft:acacia_boat":2,"minecraft:oak_boat":1,"minecraft:iron_chestplate":1,"minecraft:shield":9,"minecraft:chainmail_boots":12,"minecraft:stick":5106,"minecraft:iron_ingot":71,"minecraft:iron_pickaxe":3,"minecraft:oak_stairs":32,"biomesoplenty:mahogany_boat":3,"minecraft:iron_leggings":11,"minecraft:white_bed":3,"minecraft:acacia_planks":56,"minecraft:torch":260,"minecraft:diamond_chestplate":1},"minecraft:used":{"minecraft:oak_trapdoor":3,"biomesoplenty:mahogany_planks":2,"minecraft:tropical_fish":2,"minecraft:stone_shovel":444,"minecraft:ladder":14,"minecraft:chest":16,"minecraft:shield":98,"minecraft:stone_hoe":151,"minecraft:rotten_flesh":1,"minecraft:iron_chestplate":1,"minecraft:torch":216,"minecraft:dirt":196,"minecraft:carrot":56,"minecraft:granite":7,"minecraft:wooden_axe":45,"minecraft:iron_axe":628,"minecraft:oak_stairs":8,"minecraft:hay_block":1,"minecraft:furnace":8,"tombstone:gift":3,"minecraft:cooked_beef":5,"biomesoplenty:black_sand":5,"minecraft:wheat_seeds":329,"minecraft:iron_leggings":1,"minecraft:cooked_mutton":15,"minecraft:water_bucket":33,"minecraft:acacia_boat":3,"minecraft:diorite":2,"minecraft:acacia_trapdoor":3,"minecraft:stone_pickaxe":175,"minecraft:oak_planks":21,"minecraft:wooden_pickaxe":23,"minecraft:sugar_cane":19,"minecraft:fletching_table":11,"minecraft:leather_boots":1,"minecraft:sand":4,"minecraft:crafting_table":30,"minecraft:blast_furnace":1,"minecraft:white_bed":13,"minecraft:spruce_log":30,"minecraft:dark_oak_log":14,"minecraft:melon_slice":8,"minecraft:bread":25,"minecraft:iron_pickaxe":677,"minecraft:gravel":20,"minecraft:spruce_sapling":69,"biomesoplenty:mahogany_boat":3,"minecraft:stone_axe":691,"minecraft:cobblestone":212,"minecraft:cooked_porkchop":4,"minecraft:smithing_table":1,"minecraft:bucket":35,"minecraft:oak_boat":3,"alexsmobs:animal_dictionary":2,"minecraft:bone_meal":9},"minecraft:custom":{"minecraft:interact_with_smithing_table":1,"minecraft:mob_kills":79,"minecraft:interact_with_crafting_table":560,"minecraft:open_barrel":19,"minecraft:leave_game":7,"minecraft:time_since_death":402337,"minecraft:climb_one_cm":6383,"minecraft:sprint_one_cm":853401,"minecraft:walk_one_cm":1090374,"minecraft:damage_blocked_by_shield":3890,"minecraft:drop":95,"minecraft:talked_to_villager":85,"minecraft:play_time":402337,"minecraft:sneak_time":4991,"minecraft:walk_under_water_one_cm":23290,"minecraft:boat_one_cm":555844,"minecraft:jump":4574,"minecraft:walk_on_water_one_cm":35399,"minecraft:total_world_time":402337,"minecraft:interact_with_furnace":102,"tombstone:raider_killed":5,"minecraft:traded_with_villager":221,"minecraft:sleep_in_bed":20,"minecraft:time_since_rest":19232,"minecraft:damage_taken":2361,"minecraft:damage_dealt":14112,"minecraft:swim_one_cm":5787,"minecraft:fly_one_cm":847425,"minecraft:open_chest":124,"minecraft:crouch_one_cm":3753,"tombstone:undead_killed":37,"tombstone:villager_killed":1,"minecraft:fall_one_cm":105312}},"DataVersion":3465}