{"stats":{"minecraft:killed_by":{"minecraft:skeleton":2},"minecraft:dropped":{"minecraft:cooked_beef":1,"minecraft:glass_bottle":1,"minecraft:dark_oak_sapling":2,"biomesoplenty:mahogany_planks":8,"minecraft:cod":4,"minecraft:dirt":80,"minecraft:cornflower":1,"minecraft:iron_pickaxe":1,"minecraft:bone":1,"minecraft:gravel":6,"biomesoplenty:toadstool":1,"minecraft:stone_axe":1,"minecraft:sugar_cane":3,"minecraft:rotten_flesh":18,"minecraft:carrot":59,"minecraft:chainmail_chestplate":1,"minecraft:poppy":2,"minecraft:acacia_sapling":3,"minecraft:chainmail_boots":2,"minecraft:leather_leggings":1,"minecraft:arrow":1,"minecraft:stone_hoe":1,"minecraft:enchanted_book":2,"minecraft:bread":149,"minecraft:wheat_seeds":3,"minecraft:lilac":1,"minecraft:mangrove_trapdoor":1,"minecraft:diamond_leggings":1,"minecraft:oak_fence":1,"minecraft:granite":10,"minecraft:spruce_button":96,"minecraft:deepslate_brick_stairs":3,"minecraft:diorite":3,"minecraft:torch":28,"minecraft:melon_slice":4,"minecraft:brown_wool":1,"minecraft:diamond_helmet":1,"minecraft:pumpkin":7,"minecraft:flowering_azalea":1,"minecraft:dandelion":1,"minecraft:polished_deepslate":2,"minecraft:player_head":2,"minecraft:raw_iron":2,"minecraft:stone_shovel":2,"minecraft:shield":1,"minecraft:oak_button":21,"minecraft:diamond_chestplate":1,"minecraft:peony":2,"minecraft:spruce_planks":352,"minecraft:andesite":11,"minecraft:oak_sapling":1,"minecraft:diamond_boots":1,"minecraft:stone_pickaxe":1,"minecraft:wooden_pickaxe":1},"minecraft:mined":{"minecraft:spruce_planks":3,"minecraft:white_bed":9,"minecraft:granite":17,"minecraft:acacia_log":14,"minecraft:grass_block":95,"biomesoplenty:flowering_oak_leaves":1,"minecraft:orange_candle":1,"minecraft:frosted_ice":5,"minecraft:chiseled_stone_bricks":1,"minecraft:spawner":6,"biomesoplenty:orange_cosmos":1,"minecraft:iron_ore":108,"minecraft:barrel":8,"minecraft:pumpkin":8,"minecraft:moss_carpet":3,"minecraft:fletching_table":8,"minecraft:flowering_azalea_leaves":1,"minecraft:water_cauldron":4,"minecraft:dirt_path":43,"minecraft:deepslate_brick_stairs":3,"minecraft:player_head":7,"minecraft:waxed_cut_copper":1,"minecraft:waxed_cut_copper_stairs":4,"minecraft:deepslate_redstone_ore":8,"minecraft:cyan_terracotta":1,"minecraft:soul_lantern":15,"minecraft:note_block":1,"minecraft:torch":16,"biomesoplenty:black_sandstone":2,"minecraft:blast_furnace":2,"minecraft:calcite":2,"minecraft:poppy":4,"minecraft:melon":2,"minecraft:chest":1,"minecraft:nether_brick_slab":2,"minecraft:spruce_wall_sign":1,"minecraft:cobblestone":18,"minecraft:sugar_cane":13,"minecraft:oak_planks":24,"minecraft:wall_torch":6,"minecraft:wheat":262,"minecraft:birch_trapdoor":1,"minecraft:lilac":1,"minecraft:grass":325,"minecraft:infested_mossy_stone_bricks":2,"minecraft:oak_log":101,"minecraft:beetroots":1,"minecraft:sand":1,"minecraft:dirt":241,"minecraft:oak_leaves":38,"minecraft:deepslate":12,"minecraft:dark_oak_leaves":2,"minecraft:deepslate_diamond_ore":2,"minecraft:dark_oak_log":47,"minecraft:potted_flowering_azalea_bush":1,"minecraft:ladder":8,"biomesoplenty:bush":51,"minecraft:mangrove_trapdoor":1,"minecraft:spruce_leaves":22,"minecraft:cartography_table":1,"minecraft:hay_block":28,"minecraft:oak_trapdoor":1,"minecraft:spruce_sapling":1,"minecraft:furnace":6,"minecraft:carrots":39,"minecraft:acacia_trapdoor":1,"minecraft:andesite":13,"minecraft:polished_deepslate":2,"minecraft:bookshelf":20,"biomesoplenty:high_grass":18,"minecraft:deepslate_iron_ore":6,"minecraft:stone":329,"minecraft:white_wool":1,"minecraft:podzol":2,"minecraft:oak_slab":2,"minecraft:acacia_leaves":1,"minecraft:flowering_azalea":1,"biomesoplenty:black_sand":5,"minecraft:dandelion":1,"minecraft:oak_fence":3,"minecraft:crafting_table":24,"biomesoplenty:mahogany_planks":9,"minecraft:rose_bush":1,"minecraft:lectern":6,"minecraft:stone_slab":4,"biomesoplenty:high_grass_plant":25,"minecraft:tall_grass":21,"minecraft:copper_ore":1,"biomesoplenty:sprout":1,"minecraft:diorite":8,"minecraft:spruce_stairs":1,"biomesoplenty:mahogany_log":13,"minecraft:beehive":1,"biomesoplenty:pink_daffodil":1,"minecraft:spruce_log":1419,"minecraft:coal_ore":247,"minecraft:gravel":84,"minecraft:cracked_stone_bricks":1,"minecraft:stone_bricks":1,"minecraft:gold_ore":6,"minecraft:fern":6},"minecraft:picked_up":{"minecraft:wooden_axe":1,"minecraft:wheat":268,"minecraft:chainmail_boots":2,"minecraft:flower_pot":1,"minecraft:lead":2,"alexscaves:cave_tablet":3,"minecraft:enchanted_book":1,"minecraft:polished_deepslate":2,"minecraft:string":1,"minecraft:raw_copper":4,"minecraft:armor_stand":3,"alexsmobs:dropbear_claw":1,"minecraft:cobbled_deepslate":13,"minecraft:spruce_planks":179,"minecraft:melon_slice":24,"minecraft:furnace":6,"minecraft:beehive":1,"minecraft:stick":77,"minecraft:oak_fence":2,"minecraft:torch":30,"minecraft:acacia_log":14,"minecraft:spruce_stairs":1,"minecraft:porkchop":7,"tombstone:grave_dust":13,"minecraft:diorite":5,"minecraft:cauldron":4,"minecraft:waxed_cut_copper_stairs":2,"minecraft:honey_bottle":1,"minecraft:rotten_flesh":42,"minecraft:tropical_fish":20,"alexsmobs:emu_egg":1,"minecraft:deepslate_brick_stairs":3,"biomesoplenty:orange_cosmos":1,"minecraft:cobblestone":346,"minecraft:leather_chestplate":1,"minecraft:feather":1,"minecraft:lilac":1,"minecraft:andesite":14,"minecraft:brown_wool":2,"alexsmobs:bison_fur":1,"minecraft:flint":12,"biomesoplenty:mahogany_boat":1,"minecraft:acacia_boat":3,"minecraft:dirt":399,"minecraft:bone":23,"minecraft:wheat_seeds":755,"minecraft:raw_gold":5,"minecraft:fletching_table":8,"minecraft:diamond_helmet":1,"biomesoplenty:mahogany_planks":16,"minecraft:stone_hoe":1,"minecraft:oak_planks":29,"biomesoplenty:toadstool":1,"minecraft:sand":7,"minecraft:ink_sac":1,"minecraft:dark_oak_log":46,"minecraft:barrel":7,"minecraft:bundle":1,"minecraft:diamond":2,"minecraft:soul_lantern":14,"minecraft:granite":18,"minecraft:spruce_button":48,"minecraft:emerald":4,"minecraft:bread":22,"minecraft:oak_sapling":4,"minecraft:crafting_table":24,"minecraft:ladder":7,"minecraft:rabbit_stew":1,"minecraft:leather_leggings":1,"minecraft:wooden_pickaxe":2,"minecraft:cornflower":1,"alexscaves:cave_codex":2,"minecraft:oak_trapdoor":1,"minecraft:moss_carpet":6,"minecraft:iron_axe":1,"minecraft:item_frame":7,"minecraft:cartography_table":1,"biomesoplenty:black_sand":5,"minecraft:oak_boat":2,"alexsmobs:elastic_tendon":1,"minecraft:player_head":9,"minecraft:poppy":7,"minecraft:lectern":6,"minecraft:sugar_cane":80,"minecraft:chest":1,"minecraft:dark_oak_sapling":2,"minecraft:raw_iron":114,"minecraft:note_block":1,"minecraft:cookie":1,"minecraft:carrot":137,"minecraft:mangrove_trapdoor":1,"minecraft:arrow":22,"minecraft:stone_shovel":1,"minecraft:beetroot_seeds":2,"minecraft:peony":2,"minecraft:hay_block":27,"tombstone:essence_of_undeath":1,"minecraft:mutton":36,"minecraft:white_wool":23,"biomesoplenty:black_sandstone":2,"minecraft:leather":3,"minecraft:oak_log":96,"minecraft:chainmail_chestplate":1,"tombstone:gift":1,"minecraft:cooked_mutton":2,"minecraft:apple":1,"minecraft:acacia_trapdoor":1,"minecraft:iron_ingot":15,"tombstone:bag_of_seeds":2,"minecraft:glass_bottle":1,"minecraft:flowering_azalea":1,"minecraft:acacia_sapling":6,"minecraft:book":51,"minecraft:oak_slab":4,"minecraft:pumpkin":14,"minecraft:sweet_berries":1,"minecraft:dandelion":2,"minecraft:gravel":62,"minecraft:spruce_sapling":104,"minecraft:blast_furnace":2,"minecraft:spruce_log":1406,"minecraft:white_bed":9,"minecraft:orange_candle":3,"minecraft:spider_eye":1,"biomesoplenty:mahogany_log":13,"minecraft:stone_axe":1,"tombstone:magic_scroll":1,"minecraft:coal":368,"minecraft:ender_pearl":1},"minecraft:broken":{"minecraft:stone_pickaxe":1,"minecraft:stone_axe":5,"minecraft:wooden_axe":1,"minecraft:stone_shovel":3,"minecraft:stone_hoe":1,"minecraft:iron_axe":1,"minecraft:iron_pickaxe":2},"minecraft:killed":{"alexsmobs:lobster":1,"minecraft:spider":1,"minecraft:skeleton":21,"minecraft:pig":4,"minecraft:iron_golem":3,"minecraft:sheep":24,"minecraft:trader_llama":2,"minecraft:pillager":8,"minecraft:zombie":32,"minecraft:vindicator":2,"minecraft:drowned":1,"minecraft:husk":4,"minecraft:wandering_trader":1,"alexsmobs:crow":1,"minecraft:enderman":1},"minecraft:crafted":{"minecraft:oak_planks":384,"minecraft:smooth_stone":3,"minecraft:stone":3,"minecraft:bookshelf":1,"minecraft:cooked_mutton":32,"minecraft:diamond_leggings":2,"minecraft:diamond_helmet":2,"tombstone:grave_key":1,"minecraft:chest":21,"minecraft:oak_button":21,"minecraft:stone_hoe":2,"minecraft:emerald":328,"minecraft:cooked_porkchop":4,"minecraft:diamond_axe":1,"minecraft:crafting_table":11,"minecraft:spruce_planks":5200,"minecraft:iron_helmet":1,"minecraft:chainmail_chestplate":12,"minecraft:smithing_table":1,"minecraft:fletching_table":6,"minecraft:lectern":1,"minecraft:iron_chestplate":1,"minecraft:book":3,"minecraft:paper":39,"minecraft:diamond_pickaxe":1,"minecraft:shield":9,"minecraft:stick":10006,"minecraft:iron_ingot":111,"minecraft:iron_pickaxe":3,"biomesoplenty:mahogany_boat":3,"minecraft:stone_shovel":4,"biomesoplenty:mahogany_planks":52,"minecraft:spruce_button":48,"minecraft:furnace":3,"minecraft:blast_furnace":1,"minecraft:bone_meal":9,"minecraft:oak_trapdoor":2,"minecraft:iron_axe":13,"minecraft:ladder":12,"minecraft:spruce_slab":6,"minecraft:stone_pickaxe":2,"minecraft:diamond_boots":2,"minecraft:dark_oak_planks":128,"minecraft:wheat":243,"minecraft:cooked_beef":8,"minecraft:coal_block":1,"minecraft:acacia_trapdoor":2,"minecraft:bucket":1,"minecraft:stone_axe":16,"minecraft:acacia_boat":2,"minecraft:bread":170,"minecraft:air":0,"minecraft:oak_boat":1,"minecraft:chainmail_boots":12,"minecraft:oak_stairs":32,"minecraft:iron_leggings":11,"minecraft:white_bed":3,"minecraft:acacia_planks":56,"minecraft:torch":260,"minecraft:diamond_chestplate":2},"minecraft:custom":{"minecraft:interact_with_crafting_table":568,"minecraft:open_barrel":34,"minecraft:eat_cake_slice":14,"minecraft:leave_game":12,"minecraft:time_since_death":23522,"minecraft:sprint_one_cm":1126176,"minecraft:damage_blocked_by_shield":5638,"minecraft:drop":155,"minecraft:play_noteblock":1,"minecraft:talked_to_villager":166,"minecraft:play_time":558754,"minecraft:deaths":2,"minecraft:jump":5962,"minecraft:walk_on_water_one_cm":58428,"minecraft:interact_with_furnace":106,"minecraft:traded_with_villager":401,"minecraft:interact_with_loom":5,"minecraft:sleep_in_bed":26,"minecraft:damage_dealt":20903,"minecraft:crouch_one_cm":4677,"tombstone:undead_killed":58,"tombstone:villager_killed":1,"minecraft:interact_with_smithing_table":1,"minecraft:mob_kills":107,"minecraft:climb_one_cm":10418,"minecraft:walk_one_cm":1443155,"minecraft:sneak_time":5534,"minecraft:walk_under_water_one_cm":37418,"minecraft:boat_one_cm":645823,"minecraft:interact_with_blast_furnace":1,"minecraft:total_world_time":558754,"tombstone:raider_killed":10,"minecraft:time_since_rest":13500,"minecraft:damage_taken":3679,"minecraft:swim_one_cm":5787,"minecraft:fly_one_cm":1165424,"minecraft:open_chest":205,"minecraft:fall_one_cm":134949},"minecraft:used":{"minecraft:ladder":14,"minecraft:chest":18,"minecraft:shield":156,"minecraft:rotten_flesh":3,"minecraft:iron_chestplate":1,"minecraft:carrot":56,"minecraft:honey_bottle":2,"minecraft:hay_block":1,"minecraft:furnace":8,"minecraft:diorite":2,"minecraft:acacia_trapdoor":3,"minecraft:stone_pickaxe":175,"minecraft:oak_planks":21,"minecraft:wooden_pickaxe":23,"minecraft:sugar_cane":32,"minecraft:diamond_axe":101,"minecraft:cookie":1,"minecraft:sand":4,"minecraft:blast_furnace":1,"minecraft:dark_oak_log":14,"minecraft:melon_slice":8,"minecraft:bread":27,"minecraft:lectern":6,"minecraft:gravel":20,"minecraft:smithing_table":1,"minecraft:oak_boat":3,"minecraft:bone_meal":9,"minecraft:oak_trapdoor":3,"biomesoplenty:mahogany_planks":2,"minecraft:tropical_fish":2,"minecraft:stone_shovel":444,"minecraft:spruce_planks":14,"minecraft:stone_hoe":151,"minecraft:torch":248,"minecraft:dirt":201,"minecraft:granite":7,"minecraft:wooden_axe":45,"minecraft:iron_axe":1356,"minecraft:oak_stairs":8,"tombstone:gift":5,"minecraft:cooked_beef":5,"minecraft:iron_leggings":1,"biomesoplenty:black_sand":5,"minecraft:wheat_seeds":430,"minecraft:cooked_mutton":24,"minecraft:acacia_boat":4,"minecraft:water_bucket":40,"minecraft:baked_potato":6,"minecraft:fletching_table":11,"minecraft:leather_boots":1,"minecraft:crafting_table":33,"minecraft:white_bed":13,"minecraft:spruce_log":32,"minecraft:diamond_pickaxe":44,"minecraft:apple":4,"minecraft:iron_pickaxe":677,"minecraft:spruce_sapling":102,"biomesoplenty:mahogany_boat":3,"minecraft:stone_axe":691,"minecraft:cobblestone":212,"minecraft:cooked_porkchop":4,"minecraft:bucket":42,"alexsmobs:animal_dictionary":2}},"DataVersion":3465}