{"stats":{"minecraft:killed_by":{"minecraft:wither_skeleton":1,"minecraft:creeper":1,"minecraft:spider":1,"alexsmobs:centipede_head":14,"minecraft:zombie":1,"alexsmobs:grizzly_bear":2,"mythicmounts:dragon":3},"minecraft:dropped":{"minecraft:iron_ingot":3,"minecraft:moss_block":12,"minecraft:wheat_seeds":4,"biomesoplenty:pink_daffodil":2,"minecraft:cooked_beef":4,"minecraft:tnt":3,"biomesoplenty:mahogany_leaves":1,"minecraft:crafting_table":1,"minecraft:oak_fence":3,"minecraft:feather":4,"biomesoplenty:mahogany_planks":6,"minecraft:tropical_fish":20,"alexsmobs:bison_fur":4,"biomesoplenty:mahogany_sign":1,"minecraft:stick":3,"minecraft:dirt":4,"minecraft:diorite":2,"minecraft:wooden_hoe":1,"minecraft:mutton":1,"tombstone:grave_dust":13,"minecraft:bone_meal":1,"minecraft:bucket":1,"minecraft:paper":12,"minecraft:string":22,"minecraft:dark_oak_planks":14,"alexsmobs:raccoon_tail":1,"minecraft:bone":13,"minecraft:gold_ingot":7,"minecraft:stone_axe":2,"minecraft:moss_carpet":10,"minecraft:kelp":2,"minecraft:cobbled_deepslate":12,"minecraft:raw_copper":4,"tombstone:gift":2,"minecraft:chicken":2,"minecraft:rotten_flesh":33,"minecraft:big_dripleaf":3,"minecraft:leather_chestplate":1,"minecraft:bundle":1,"minecraft:oak_sapling":3,"minecraft:leather_leggings":1,"minecraft:spider_eye":2,"minecraft:bow":5,"minecraft:beef":2,"minecraft:stone_pickaxe":2,"minecraft:wooden_pickaxe":1},"minecraft:mined":{"minecraft:dark_oak_planks":16,"alexscaves:spelunkery_table":3,"minecraft:large_amethyst_bud":2,"minecraft:tuff":44,"minecraft:white_bed":2,"minecraft:deepslate_diamond_ore":3,"minecraft:jungle_leaves":16,"minecraft:cave_vines_plant":1,"minecraft:granite":16,"biomesoplenty:bush":6,"minecraft:allium":1,"minecraft:grass_block":233,"minecraft:yellow_carpet":9,"minecraft:jungle_planks":10,"minecraft:jungle_log":9,"minecraft:moss_block":13,"minecraft:large_fern":2,"minecraft:hay_block":27,"minecraft:carrots":1,"minecraft:furnace":4,"minecraft:iron_ore":20,"minecraft:barrel":1,"minecraft:fire":1,"minecraft:cobbled_deepslate":145,"minecraft:andesite":18,"minecraft:moss_carpet":4,"minecraft:deepslate_lapis_ore":3,"biomesoplenty:high_grass":12,"minecraft:dirt_path":2,"minecraft:vine":2,"minecraft:cave_vines":2,"minecraft:deepslate_iron_ore":13,"biomesoplenty:mahogany_leaves":7,"biomesoplenty:webbing":1,"minecraft:stripped_oak_log":2,"minecraft:stone":118,"minecraft:bone_block":18,"minecraft:deepslate_redstone_ore":33,"minecraft:amethyst_cluster":1,"minecraft:kelp_plant":4,"minecraft:smoker":3,"minecraft:oak_fence":4,"travelersbackpack:standard":8,"minecraft:torch":1,"minecraft:crafting_table":14,"minecraft:blast_furnace":2,"minecraft:melon":4,"biomesoplenty:mahogany_planks":5,"minecraft:chest":5,"biomesoplenty:high_grass_plant":18,"minecraft:copper_ore":6,"minecraft:tall_grass":4,"minecraft:cobblestone":9,"minecraft:lapis_ore":2,"minecraft:oak_planks":9,"minecraft:wall_torch":8,"minecraft:big_dripleaf":1,"minecraft:diorite":2,"minecraft:powered_rail":4,"minecraft:jungle_wood":12,"biomesoplenty:glowworm_silk_strand":2,"biomesoplenty:mahogany_log":62,"biomesoplenty:pink_daffodil":1,"minecraft:tnt":3,"minecraft:yellow_bed":4,"minecraft:grass":50,"minecraft:coal_ore":17,"minecraft:oak_log":88,"minecraft:cocoa":1,"minecraft:gravel":14,"minecraft:dirt":34,"minecraft:cobweb":5,"minecraft:smooth_basalt":3,"minecraft:deepslate":339,"minecraft:oak_leaves":27,"biomesoplenty:reed":2,"minecraft:fern":19},"minecraft:picked_up":{"minecraft:cocoa_beans":6,"minecraft:crafting_table":15,"minecraft:chicken":2,"minecraft:lead":1,"minecraft:enchanted_book":1,"minecraft:string":29,"minecraft:moss_carpet":12,"minecraft:raw_copper":24,"minecraft:flint_and_steel":1,"minecraft:cobbled_deepslate":502,"alexsmobs:banana":1,"minecraft:bucket":1,"minecraft:beef":31,"alexsmobs:elastic_tendon":2,"minecraft:jungle_sapling":2,"alexsmobs:raccoon_tail":1,"minecraft:melon_slice":18,"minecraft:chest":5,"minecraft:furnace":4,"minecraft:raw_iron":62,"minecraft:stick":11,"minecraft:big_dripleaf":3,"minecraft:oak_fence":5,"minecraft:torch":21,"minecraft:porkchop":23,"tombstone:grave_dust":17,"minecraft:diorite":2,"minecraft:carrot":135,"minecraft:redstone":145,"alexsmobs:centipede_leg":27,"minecraft:dark_oak_planks":14,"minecraft:tnt":9,"minecraft:arrow":15,"minecraft:rotten_flesh":57,"minecraft:tropical_fish":66,"biomesoplenty:mahogany_sapling":1,"minecraft:hay_block":39,"alexscaves:spelunkery_table":3,"minecraft:white_wool":1,"minecraft:glow_berries":9,"minecraft:mutton":1,"minecraft:cod":6,"minecraft:bone_block":17,"alexsmobs:flying_fish":2,"minecraft:cobblestone":125,"minecraft:stripped_oak_log":3,"minecraft:feather":4,"minecraft:cooked_beef":1,"minecraft:glow_ink_sac":10,"minecraft:jungle_log":9,"minecraft:andesite":18,"minecraft:jungle_wood":12,"minecraft:smoker":3,"alexsmobs:bear_fur":2,"alexsmobs:bison_fur":4,"minecraft:flint":2,"minecraft:tuff":45,"minecraft:oak_log":106,"biomesoplenty:mahogany_boat":9,"minecraft:yellow_bed":4,"minecraft:lapis_lazuli":41,"minecraft:dirt":243,"minecraft:paper":24,"minecraft:bone":46,"minecraft:kelp":2,"minecraft:bow":5,"minecraft:wheat_seeds":6,"minecraft:iron_ingot":4,"minecraft:stone_pickaxe":1,"minecraft:powered_rail":4,"minecraft:moss_block":24,"minecraft:oak_planks":9,"biomesoplenty:mahogany_planks":5,"minecraft:smooth_basalt":3,"biomesoplenty:mahogany_sign":6,"minecraft:spyglass":1,"minecraft:gravel":5,"minecraft:jungle_planks":10,"minecraft:amethyst_shard":4,"minecraft:blast_furnace":2,"minecraft:white_bed":2,"minecraft:spider_eye":2,"alexsmobs:animal_dictionary":1,"minecraft:bundle":2,"travelersbackpack:standard":9,"biomesoplenty:mahogany_log":54,"minecraft:yellow_carpet":9,"minecraft:diamond":3,"minecraft:stone_axe":2,"minecraft:granite":16,"minecraft:bone_meal":6,"minecraft:emerald":4,"tombstone:magic_scroll":2,"biomesoplenty:pink_daffodil":2,"minecraft:oak_sapling":7,"minecraft:coal":34},"minecraft:broken":{"minecraft:stone_hoe":2,"minecraft:shield":2,"minecraft:stone_axe":2,"minecraft:iron_sword":1,"minecraft:iron_pickaxe":2},"minecraft:killed":{"dungeonsweaponry:wraith":1,"alexsmobs:raccoon":1,"minecraft:spider":3,"dungeonsweaponry:enchanter":2,"alexsmobs:murmur":1,"minecraft:cod":7,"alexsmobs:seagull":1,"minecraft:skeleton":25,"minecraft:chicken":3,"alexsmobs:bison":5,"alexsmobs:centipede_head":15,"alexsmobs:flying_fish":5,"minecraft:husk":1,"minecraft:pig":10,"alexsmobs:grizzly_bear":2,"minecraft:creeper":1,"minecraft:sheep":1,"minecraft:zombie":42,"alexsmobs:terrapin":1,"alexsmobs:crow":1,"minecraft:enderman":1,"minecraft:cow":1},"minecraft:crafted":{"minecraft:oak_planks":120,"minecraft:oak_sign":6,"minecraft:spyglass":1,"biomesoplenty:mahogany_planks":216,"minecraft:furnace":5,"minecraft:bone_meal":195,"minecraft:iron_boots":1,"minecraft:stone_pickaxe":1,"minecraft:chest":5,"alexsmobs:flying_fish_boots":1,"minecraft:stone_hoe":3,"minecraft:oak_fence":3,"alexsmobs:centipede_leggings":3,"minecraft:smoker":1,"minecraft:wheat":234,"minecraft:cooked_beef":18,"minecraft:cooked_cod":6,"minecraft:cooked_porkchop":20,"minecraft:crafting_table":4,"minecraft:wooden_pickaxe":1,"minecraft:iron_helmet":1,"dungeonsweaponry:cutlass":1,"minecraft:copper_ingot":2,"minecraft:stone_axe":2,"minecraft:air":0,"minecraft:bread":39,"minecraft:jungle_planks":84,"minecraft:wooden_hoe":1,"minecraft:shield":3,"minecraft:stick":32,"minecraft:iron_ingot":47,"minecraft:iron_pickaxe":2,"biomesoplenty:mahogany_boat":1,"minecraft:iron_shovel":1,"minecraft:torch":96,"biomesoplenty:mahogany_sign":3},"minecraft:custom":{"minecraft:mob_kills":131,"minecraft:animals_bred":3,"minecraft:interact_with_crafting_table":50,"minecraft:open_barrel":27,"minecraft:bell_ring":1,"minecraft:leave_game":11,"minecraft:time_since_death":5891,"minecraft:climb_one_cm":6000,"minecraft:sprint_one_cm":594341,"minecraft:walk_one_cm":887716,"minecraft:damage_blocked_by_shield":6000,"minecraft:drop":98,"minecraft:damage_dealt_absorbed":119,"minecraft:talked_to_villager":7,"minecraft:play_time":449016,"minecraft:sneak_time":16160,"minecraft:deaths":29,"minecraft:walk_under_water_one_cm":117175,"minecraft:boat_one_cm":122730,"minecraft:jump":5223,"minecraft:interact_with_blast_furnace":7,"minecraft:walk_on_water_one_cm":235431,"minecraft:total_world_time":449016,"minecraft:interact_with_furnace":24,"minecraft:interact_with_loom":14,"minecraft:sleep_in_bed":6,"minecraft:time_since_rest":5644,"minecraft:damage_taken":14232,"minecraft:damage_absorbed":79,"minecraft:damage_dealt":25066,"minecraft:swim_one_cm":80526,"minecraft:fly_one_cm":858416,"minecraft:crouch_one_cm":39250,"minecraft:open_chest":99,"tombstone:undead_killed":69,"minecraft:interact_with_smoker":13,"minecraft:fall_one_cm":116637,"minecraft:horse_one_cm":956638},"minecraft:used":{"minecraft:oak_fence":5,"biomesoplenty:mahogany_planks":144,"minecraft:iron_shovel":251,"minecraft:tropical_fish":43,"minecraft:oak_sign":4,"minecraft:chest":8,"biomesoplenty:mahogany_leaves":2,"minecraft:shield":128,"minecraft:iron_sword":410,"tombstone:scroll_of_purification":1,"minecraft:stone_hoe":350,"minecraft:torch":107,"minecraft:dirt":34,"minecraft:spyglass":7,"minecraft:jungle_planks":94,"minecraft:carrot":175,"minecraft:yellow_carpet":9,"minecraft:tuff":3,"minecraft:iron_axe":22,"minecraft:smooth_basalt":3,"alexscaves:spelunkery_table":2,"minecraft:golden_carrot":1,"minecraft:bow":1,"tombstone:gift":1,"minecraft:cooked_cod":6,"minecraft:furnace":5,"alexsmobs:banana":1,"minecraft:cooked_beef":8,"minecraft:cobbled_deepslate":80,"minecraft:water_bucket":63,"minecraft:oak_planks":16,"minecraft:stone_pickaxe":88,"minecraft:wooden_pickaxe":23,"dungeonsweaponry:cutlass":130,"minecraft:golden_apple":2,"minecraft:glow_berries":2,"minecraft:crafting_table":17,"alexscaves:cave_book":4,"minecraft:blast_furnace":2,"minecraft:white_bed":3,"minecraft:smoker":4,"minecraft:wooden_hoe":16,"minecraft:melon_slice":18,"minecraft:bread":39,"minecraft:iron_pickaxe":727,"minecraft:gravel":5,"biomesoplenty:mahogany_sign":8,"minecraft:stone_axe":251,"biomesoplenty:mahogany_boat":8,"travelersbackpack:standard":2,"minecraft:cobblestone":81,"minecraft:cooked_porkchop":20,"minecraft:andesite":7,"minecraft:bucket":63,"minecraft:yellow_bed":3,"minecraft:bone_meal":197}},"DataVersion":3465}