{"stats":{"minecraft:killed_by":{"minecraft:wither_skeleton":1,"minecraft:creeper":1,"alexsmobs:murmur_head":1,"minecraft:zombie":1,"alexsmobs:grizzly_bear":2,"mythicmounts:dragon":3,"minecraft:spider":1,"minecraft:enderman":1,"alexsmobs:centipede_head":16},"minecraft:dropped":{"minecraft:iron_sword":1,"minecraft:moss_block":12,"biomesoplenty:pink_daffodil":2,"minecraft:cooked_beef":4,"minecraft:oak_log":40,"minecraft:crafting_table":1,"minecraft:dark_oak_sapling":3,"biomesoplenty:mahogany_planks":6,"minecraft:red_wool":2,"minecraft:saddle":1,"alexsmobs:bison_fur":6,"minecraft:flint":1,"minecraft:dirt":10,"tombstone:bag_of_seeds":1,"minecraft:packed_ice":1,"minecraft:mutton":1,"minecraft:gold_nugget":1,"minecraft:bone_meal":1,"minecraft:sand":65,"minecraft:dark_oak_planks":15,"alexsmobs:raccoon_tail":1,"minecraft:bone":28,"minecraft:gold_ingot":7,"minecraft:gravel":15,"biomesoplenty:toadstool":1,"minecraft:stone_axe":2,"minecraft:lever":2,"minecraft:cobbled_deepslate":66,"alexscaves:cave_tablet":6,"tombstone:gift":2,"minecraft:rotten_flesh":48,"minecraft:oak_planks":1,"minecraft:carrot":969,"minecraft:leather_chestplate":1,"alexsmobs:elastic_tendon":2,"minecraft:gunpowder":3,"minecraft:birch_trapdoor":2,"minecraft:chest":1,"minecraft:leather_leggings":1,"minecraft:beef":18,"minecraft:scaffolding":9,"minecraft:enchanting_table":1,"minecraft:iron_ingot":3,"minecraft:oak_slab":5,"minecraft:wheat_seeds":6,"minecraft:tnt":3,"minecraft:mossy_cobblestone":7,"biomesoplenty:mahogany_leaves":1,"minecraft:oak_fence":5,"minecraft:feather":6,"minecraft:cobblestone":1,"minecraft:tropical_fish":20,"minecraft:coal":14,"biomesoplenty:mahogany_sign":1,"minecraft:stick":3,"minecraft:pufferfish":2,"minecraft:diorite":2,"minecraft:wooden_hoe":1,"alexsmobs:dropbear_claw":1,"tombstone:grave_dust":24,"minecraft:iron_axe":1,"minecraft:paper":12,"minecraft:string":23,"minecraft:bucket":1,"tombstone:voodoo_poppet":1,"minecraft:moss_carpet":10,"minecraft:kelp":2,"minecraft:oak_trapdoor":15,"minecraft:raw_copper":9,"minecraft:tuff":65,"minecraft:chicken":2,"minecraft:white_carpet":3,"minecraft:iron_hoe":2,"alexscaves:cave_codex":2,"minecraft:cobbled_deepslate_slab":7,"minecraft:oak_sign":1,"minecraft:big_dripleaf":3,"minecraft:cobblestone_slab":6,"minecraft:bundle":1,"minecraft:oak_sapling":3,"minecraft:spider_eye":6,"minecraft:bamboo":31,"minecraft:sandstone":3,"minecraft:bow":5,"minecraft:stone_pickaxe":2,"minecraft:wooden_pickaxe":1,"minecraft:bell":1},"minecraft:mined":{"minecraft:dark_oak_planks":16,"minecraft:large_amethyst_bud":4,"minecraft:spruce_planks":1,"minecraft:white_bed":16,"minecraft:cherry_log":1,"travelersbackpack:pumpkin":3,"minecraft:jungle_leaves":16,"minecraft:cave_vines_plant":1,"minecraft:granite":27,"minecraft:grass_block":282,"minecraft:yellow_carpet":11,"minecraft:jungle_log":9,"minecraft:frosted_ice":17,"minecraft:composter":3,"minecraft:oak_wall_sign":3,"minecraft:nether_wart":18,"minecraft:magma_block":3,"minecraft:iron_ore":24,"minecraft:barrel":1,"minecraft:cobbled_deepslate":195,"minecraft:sticky_piston":2,"minecraft:fire":6,"minecraft:moss_carpet":4,"minecraft:anvil":2,"minecraft:deepslate_lapis_ore":5,"minecraft:oak_sign":1,"minecraft:cave_vines":2,"minecraft:dirt_path":2,"biomesoplenty:webbing":1,"minecraft:piston_head":3,"minecraft:deepslate_redstone_ore":44,"minecraft:cut_sandstone":1,"minecraft:brown_mushroom":32,"minecraft:medium_amethyst_bud":2,"minecraft:kelp_plant":29,"minecraft:smoker":3,"minecraft:amethyst_cluster":11,"minecraft:torch":6,"minecraft:blast_furnace":9,"minecraft:melon":4,"minecraft:chest":11,"minecraft:dead_bush":2,"minecraft:mushroom_stem":1,"minecraft:glass":6,"minecraft:cobblestone":16,"minecraft:prismarine":2,"minecraft:damaged_anvil":1,"minecraft:oak_planks":13,"minecraft:grindstone":5,"minecraft:sugar_cane":4,"minecraft:wall_torch":30,"minecraft:amethyst_block":2,"minecraft:deepslate_copper_ore":7,"minecraft:seagrass":5,"minecraft:chain":2,"minecraft:powered_rail":4,"minecraft:jungle_wood":12,"minecraft:dark_oak_door":5,"minecraft:mud":3,"biomesoplenty:glowworm_silk_strand":2,"minecraft:birch_trapdoor":2,"minecraft:tnt":3,"biomesoplenty:fir_log":1,"minecraft:grass":69,"minecraft:infested_mossy_stone_bricks":7,"minecraft:oak_log":212,"minecraft:sand":305,"minecraft:dirt":162,"minecraft:infested_cracked_stone_bricks":2,"minecraft:smooth_basalt":3,"minecraft:dark_prismarine":1,"minecraft:oak_leaves":38,"minecraft:deepslate":1490,"biomesoplenty:reed":3,"alexscaves:spelunkery_table":3,"minecraft:tuff":188,"minecraft:mossy_cobblestone":9,"minecraft:dark_oak_leaves":2,"minecraft:deepslate_diamond_ore":29,"minecraft:dark_oak_log":43,"minecraft:sea_lantern":9,"minecraft:cobbled_deepslate_slab":33,"minecraft:lever":3,"biomesoplenty:bush":7,"minecraft:allium":1,"minecraft:jungle_planks":10,"biomesoplenty:white_petals":1,"minecraft:brown_mushroom_block":2,"minecraft:spruce_leaves":1,"minecraft:sandstone":3,"minecraft:kelp":4,"minecraft:moss_block":17,"minecraft:cartography_table":1,"minecraft:large_fern":3,"minecraft:hay_block":27,"minecraft:oak_trapdoor":7,"minecraft:furnace":4,"minecraft:carrots":7,"biomesoplenty:toadstool":1,"minecraft:andesite":18,"biomesoplenty:high_grass":21,"minecraft:deepslate_iron_ore":39,"minecraft:vine":5,"biomesoplenty:mahogany_leaves":7,"minecraft:stripped_oak_log":28,"minecraft:packed_ice":48,"minecraft:stone":140,"minecraft:bone_block":18,"minecraft:smithing_table":1,"minecraft:oak_slab":6,"minecraft:scaffolding":16,"minecraft:soul_sand":1,"minecraft:infested_stone_bricks":1,"travelersbackpack:standard":9,"minecraft:oak_fence":14,"minecraft:crafting_table":17,"biomesoplenty:mahogany_planks":5,"minecraft:lectern":19,"biomesoplenty:high_grass_plant":29,"minecraft:copper_ore":6,"minecraft:tall_grass":5,"minecraft:lapis_ore":2,"minecraft:deepslate_gold_ore":34,"minecraft:diorite":2,"minecraft:big_dripleaf":1,"minecraft:prismarine_bricks":7,"minecraft:coarse_dirt":6,"biomesoplenty:mahogany_log":62,"biomesoplenty:pink_daffodil":1,"minecraft:white_carpet":4,"minecraft:yellow_bed":4,"minecraft:coal_ore":17,"minecraft:cocoa":1,"minecraft:gravel":58,"minecraft:cobweb":5,"minecraft:cracked_stone_bricks":5,"minecraft:stone_bricks":5,"minecraft:mossy_stone_bricks":1,"minecraft:fern":20},"minecraft:picked_up":{"minecraft:anvil":2,"minecraft:smithing_table":1,"minecraft:lead":1,"alexscaves:cave_tablet":3,"minecraft:enchanted_book":1,"minecraft:amethyst_block":2,"minecraft:string":30,"minecraft:raw_copper":90,"minecraft:cooked_salmon":1,"minecraft:sticky_piston":5,"minecraft:pufferfish":22,"minecraft:oak_sign":5,"minecraft:spruce_planks":1,"minecraft:cobbled_deepslate":1585,"alexsmobs:banana":1,"minecraft:bucket":1,"alexsmobs:raccoon_tail":1,"minecraft:melon_slice":18,"minecraft:furnace":4,"minecraft:dark_oak_door":5,"minecraft:stick":15,"minecraft:big_dripleaf":3,"minecraft:composter":3,"minecraft:birch_trapdoor":2,"minecraft:oak_fence":10,"minecraft:torch":56,"minecraft:porkchop":23,"minecraft:cherry_log":1,"tombstone:grave_dust":37,"minecraft:diorite":2,"alexsmobs:centipede_leg":40,"minecraft:rotten_flesh":79,"minecraft:tropical_fish":66,"biomesoplenty:mahogany_sapling":1,"minecraft:blaze_rod":5,"minecraft:cod":6,"alexsmobs:lobster_tail":1,"alexsmobs:flying_fish":2,"minecraft:cobblestone":154,"minecraft:leather_chestplate":2,"minecraft:feather":7,"minecraft:cooked_beef":1,"minecraft:andesite":18,"minecraft:jungle_log":9,"minecraft:jungle_wood":12,"minecraft:smoker":3,"minecraft:potato":1,"alexsmobs:bear_fur":2,"biomesoplenty:fir_log":1,"alexsmobs:bison_fur":6,"minecraft:flint":5,"minecraft:tuff":217,"biomesoplenty:mahogany_boat":9,"minecraft:prismarine_bricks":7,"minecraft:lapis_lazuli":80,"minecraft:dirt":382,"minecraft:lantern":1,"minecraft:bone":83,"minecraft:bow":6,"minecraft:wheat_seeds":11,"minecraft:raw_gold":75,"minecraft:cobbled_deepslate_slab":30,"minecraft:bell":1,"minecraft:grindstone":5,"minecraft:prismarine":2,"minecraft:bamboo":35,"minecraft:powered_rail":4,"minecraft:moss_block":27,"minecraft:oak_planks":11,"biomesoplenty:mahogany_planks":5,"biomesoplenty:toadstool":1,"biomesoplenty:mahogany_sign":6,"minecraft:sand":369,"minecraft:jungle_planks":10,"minecraft:dark_oak_log":42,"alexsmobs:animal_dictionary":1,"minecraft:mossy_cobblestone":7,"minecraft:bundle":2,"minecraft:iron_hoe":2,"minecraft:yellow_carpet":11,"minecraft:diamond":49,"minecraft:lever":4,"minecraft:granite":27,"minecraft:bone_meal":6,"alexsmobs:moose_ribs":4,"minecraft:emerald":83,"biomesoplenty:pink_daffodil":3,"minecraft:oak_sapling":7,"minecraft:cocoa_beans":6,"minecraft:coarse_dirt":5,"minecraft:crafting_table":18,"minecraft:chicken":2,"minecraft:nether_wart":57,"minecraft:brown_mushroom":30,"minecraft:packed_ice":30,"alexscaves:cave_codex":1,"minecraft:oak_trapdoor":8,"minecraft:moss_carpet":12,"minecraft:iron_axe":1,"minecraft:flint_and_steel":1,"minecraft:white_carpet":3,"minecraft:cracked_stone_bricks":1,"minecraft:cartography_table":1,"minecraft:beef":47,"minecraft:oak_boat":1,"alexsmobs:elastic_tendon":7,"minecraft:jungle_sapling":2,"minecraft:lectern":19,"minecraft:sugar_cane":4,"minecraft:chest":12,"minecraft:dark_oak_sapling":3,"minecraft:raw_iron":131,"minecraft:sandstone":3,"minecraft:trident":1,"minecraft:carrot":1231,"minecraft:redstone":162,"minecraft:prismarine_crystals":5,"minecraft:dark_oak_planks":14,"minecraft:tnt":9,"minecraft:arrow":31,"minecraft:hay_block":39,"alexscaves:spelunkery_table":3,"minecraft:saddle":1,"minecraft:glow_berries":9,"minecraft:mutton":1,"minecraft:bone_block":17,"minecraft:white_wool":1,"minecraft:stripped_oak_log":27,"minecraft:glow_ink_sac":10,"minecraft:salmon":5,"alexsmobs:cachalot_whale_tooth":2,"minecraft:oak_log":230,"minecraft:yellow_bed":4,"minecraft:gunpowder":3,"minecraft:paper":24,"minecraft:stone_bricks":2,"minecraft:kelp":83,"minecraft:iron_ingot":5,"minecraft:stone_pickaxe":1,"minecraft:cooked_chicken":3,"tombstone:bag_of_seeds":1,"minecraft:soul_sand":1,"minecraft:scaffolding":72,"minecraft:oak_slab":3,"minecraft:smooth_basalt":3,"minecraft:red_wool":2,"minecraft:spyglass":1,"minecraft:gravel":43,"minecraft:amethyst_shard":44,"minecraft:blast_furnace":9,"minecraft:white_bed":12,"minecraft:spider_eye":6,"travelersbackpack:standard":10,"biomesoplenty:mahogany_log":54,"minecraft:stone_axe":2,"travelersbackpack:pumpkin":3,"tombstone:magic_scroll":2,"minecraft:damaged_anvil":1,"minecraft:coal":48},"minecraft:broken":{"minecraft:iron_shovel":2,"minecraft:iron_chestplate":1,"minecraft:stone_axe":2,"minecraft:iron_sword":1,"minecraft:stone_hoe":2,"minecraft:shield":3,"minecraft:iron_pickaxe":7,"minecraft:iron_helmet":1},"minecraft:killed":{"dungeonsweaponry:wraith":1,"alexsmobs:lobster":1,"minecraft:cave_spider":1,"mythicmounts:dragon":1,"minecraft:spider":7,"dungeonsweaponry:enchanter":2,"alexsmobs:murmur":5,"minecraft:cod":7,"minecraft:pufferfish":21,"minecraft:skeleton":462,"alexsmobs:orca":1,"minecraft:chicken":6,"minecraft:silverfish":5,"alexsmobs:centipede_head":30,"minecraft:pig":10,"alexsmobs:grizzly_bear":2,"minecraft:salmon":7,"minecraft:creeper":4,"minecraft:sheep":1,"minecraft:pillager":1,"minecraft:zombie":58,"alexsmobs:terrapin":2,"minecraft:cow":1,"alexsmobs:raccoon":1,"alexsmobs:seagull":1,"minecraft:drowned":5,"alexsmobs:bison":6,"alexsmobs:flying_fish":5,"minecraft:husk":1,"alexsmobs:giant_squid":1,"alexsmobs:moose":3,"alexsmobs:crow":3,"minecraft:enderman":1},"minecraft:crafted":{"minecraft:oak_planks":428,"minecraft:oak_sign":12,"minecraft:dark_oak_boat":1,"mythicmounts:summoning_staff":1,"minecraft:lever":2,"minecraft:dark_oak_door":3,"minecraft:glass":192,"minecraft:hopper":1,"minecraft:diamond_helmet":1,"minecraft:bow":11,"minecraft:diamond_leggings":1,"minecraft:iron_boots":1,"minecraft:chest":19,"minecraft:chiseled_stone_bricks":32,"minecraft:stone_hoe":3,"minecraft:oak_fence":3,"tombstone:book_of_magic_impregnation":7,"minecraft:smoker":1,"minecraft:glass_bottle":3,"minecraft:oak_slab":66,"minecraft:emerald":216,"minecraft:cooked_porkchop":20,"minecraft:crafting_table":5,"minecraft:wooden_pickaxe":1,"minecraft:iron_helmet":13,"dungeonsweaponry:cutlass":1,"minecraft:copper_ingot":2,"biomesoplenty:fir_planks":4,"tombstone:decorative_grave_normal":1,"minecraft:iron_chestplate":1,"minecraft:wooden_hoe":1,"minecraft:diamond_pickaxe":1,"minecraft:charcoal":25,"minecraft:shield":25,"minecraft:stick":64,"minecraft:iron_ingot":116,"minecraft:iron_pickaxe":8,"biomesoplenty:mahogany_boat":1,"minecraft:iron_block":3,"minecraft:gold_ingot":36,"minecraft:composter":9,"minecraft:shears":1,"biomesoplenty:mahogany_sign":3,"minecraft:golden_carrot":55,"minecraft:cobbled_deepslate_slab":262,"minecraft:spyglass":1,"biomesoplenty:mahogany_planks":216,"minecraft:furnace":6,"minecraft:bone_meal":195,"minecraft:oak_trapdoor":42,"minecraft:iron_axe":1,"minecraft:iron_hoe":1,"minecraft:stone_pickaxe":1,"minecraft:diamond_boots":1,"minecraft:cobbled_deepslate_stairs":4,"minecraft:dark_oak_planks":32,"alexsmobs:flying_fish_boots":1,"alexsmobs:centipede_leggings":3,"minecraft:chainmail_leggings":27,"travelersbackpack:diamond_tier_upgrade":1,"minecraft:wheat":234,"minecraft:cooked_beef":18,"minecraft:sugar":1,"minecraft:coal_block":3,"minecraft:cooked_cod":6,"minecraft:diamond_sword":1,"minecraft:stone_axe":2,"minecraft:jungle_planks":84,"minecraft:air":0,"minecraft:bread":39,"travelersbackpack:squid":1,"tombstone:book_of_scribe":3,"minecraft:oak_boat":1,"minecraft:gold_nugget":441,"minecraft:fermented_spider_eye":1,"minecraft:iron_shovel":3,"minecraft:iron_leggings":12,"minecraft:anvil":1,"minecraft:white_bed":12,"minecraft:torch":180,"minecraft:diamond_chestplate":1,"alexsmobs:tendon_whip":1},"minecraft:custom":{"minecraft:animals_bred":3,"minecraft:interact_with_crafting_table":99,"minecraft:open_barrel":34,"minecraft:bell_ring":1,"minecraft:leave_game":55,"minecraft:time_since_death":265449,"minecraft:sprint_one_cm":1398299,"minecraft:damage_blocked_by_shield":7895,"minecraft:drop":223,"minecraft:talked_to_villager":116,"minecraft:play_time":1307245,"minecraft:deaths":35,"minecraft:jump":11449,"minecraft:interact_with_brewingstand":5,"minecraft:walk_on_water_one_cm":394971,"minecraft:enchant_item":6,"minecraft:interact_with_furnace":39,"minecraft:traded_with_villager":297,"minecraft:interact_with_cartography_table":1,"minecraft:interact_with_loom":22,"minecraft:sleep_in_bed":31,"minecraft:damage_dealt":33693,"minecraft:crouch_one_cm":148134,"tombstone:undead_killed":531,"minecraft:interact_with_smoker":14,"minecraft:horse_one_cm":11375421,"minecraft:interact_with_smithing_table":1,"minecraft:interact_with_anvil":13,"minecraft:mob_kills":671,"minecraft:inspect_hopper":11,"minecraft:climb_one_cm":80912,"minecraft:walk_one_cm":2123075,"tombstone:consume_soul":9,"minecraft:damage_dealt_absorbed":119,"minecraft:sneak_time":52775,"minecraft:walk_under_water_one_cm":690705,"minecraft:boat_one_cm":187530,"minecraft:interact_with_blast_furnace":34,"minecraft:total_world_time":1307245,"tombstone:raider_killed":1,"tombstone:use_scribe":2,"minecraft:time_since_rest":55356,"minecraft:damage_absorbed":79,"minecraft:damage_taken":20813,"minecraft:trigger_trapped_chest":5,"minecraft:swim_one_cm":194179,"minecraft:fly_one_cm":1697653,"minecraft:open_chest":484,"tombstone:use_magic_impregnation":7,"minecraft:fall_one_cm":223486},"minecraft:used":{"minecraft:moss_block":2,"minecraft:iron_shovel":636,"minecraft:oak_sign":12,"minecraft:shield":197,"biomesoplenty:mahogany_leaves":2,"minecraft:chest":27,"minecraft:iron_sword":489,"minecraft:nether_wart":43,"tombstone:scroll_of_purification":1,"minecraft:soul_sand":27,"minecraft:jungle_planks":94,"minecraft:carrot":602,"minecraft:tuff":34,"minecraft:glass":140,"minecraft:packed_ice":1,"minecraft:lantern":1,"minecraft:stone_bricks":1,"tombstone:decorative_grave_normal":1,"minecraft:bow":125,"minecraft:dark_oak_boat":1,"minecraft:scaffolding":86,"minecraft:furnace":6,"minecraft:cooked_cod":6,"minecraft:potato":1,"minecraft:damaged_anvil":1,"minecraft:oak_planks":16,"minecraft:stone_pickaxe":88,"minecraft:wooden_pickaxe":23,"biomesoplenty:fir_planks":4,"minecraft:composter":12,"dungeonsweaponry:cutlass":227,"minecraft:sugar_cane":3,"minecraft:glow_berries":2,"minecraft:golden_apple":2,"minecraft:sand":21,"alexscaves:cave_book":7,"minecraft:blast_furnace":9,"minecraft:crossbow":32,"minecraft:cobbled_deepslate_stairs":2,"alexsmobs:terrapin_bucket":1,"minecraft:sticky_piston":5,"minecraft:lever":4,"minecraft:melon_slice":18,"minecraft:bread":46,"minecraft:lectern":20,"travelersbackpack:pumpkin":8,"minecraft:gravel":26,"minecraft:diamond_sword":76,"minecraft:andesite":7,"minecraft:oak_boat":2,"minecraft:coarse_dirt":1,"minecraft:bone_meal":197,"minecraft:golden_pickaxe":31,"minecraft:oak_fence":8,"biomesoplenty:mahogany_planks":144,"minecraft:oak_trapdoor":35,"minecraft:flint_and_steel":5,"minecraft:tropical_fish":43,"minecraft:cooked_salmon":1,"minecraft:stone_hoe":350,"minecraft:cooked_chicken":3,"minecraft:torch":230,"minecraft:brewing_stand":1,"minecraft:dirt":425,"minecraft:spyglass":15,"minecraft:anvil":2,"minecraft:hopper":1,"minecraft:yellow_carpet":11,"minecraft:granite":21,"minecraft:iron_hoe":200,"minecraft:iron_axe":305,"travelersbackpack:squid":2,"minecraft:bamboo":4,"minecraft:smooth_basalt":3,"alexscaves:spelunkery_table":3,"minecraft:golden_carrot":24,"alexsmobs:banana":1,"tombstone:gift":2,"minecraft:cooked_beef":8,"minecraft:cherry_log":1,"minecraft:cobbled_deepslate":360,"minecraft:water_bucket":110,"minecraft:iron_ore":4,"minecraft:amethyst_block":2,"minecraft:glass_bottle":3,"minecraft:cracked_stone_bricks":1,"minecraft:crafting_table":20,"minecraft:oak_slab":2,"minecraft:white_bed":26,"minecraft:dark_oak_door":7,"minecraft:smoker":4,"minecraft:wooden_hoe":16,"biomesoplenty:pink_daffodil":1,"minecraft:iron_pickaxe":2396,"tombstone:magic_scroll":6,"biomesoplenty:mahogany_sign":8,"biomesoplenty:mahogany_boat":8,"minecraft:stone_axe":251,"alexsmobs:tendon_whip":50,"minecraft:cobblestone":95,"minecraft:cobbled_deepslate_slab":273,"travelersbackpack:standard":3,"minecraft:cooked_porkchop":20,"minecraft:bucket":112,"minecraft:yellow_bed":3,"minecraft:kelp":25}},"DataVersion":3465}