{"stats":{"minecraft:killed_by":{"minecraft:wither_skeleton":1,"minecraft:creeper":1,"minecraft:zombie":1,"alexsmobs:grizzly_bear":2,"mythicmounts:dragon":3,"minecraft:spider":1,"minecraft:enderman":1,"alexsmobs:centipede_head":14},"minecraft:dropped":{"minecraft:moss_block":12,"biomesoplenty:pink_daffodil":2,"minecraft:cooked_beef":4,"minecraft:oak_log":40,"minecraft:crafting_table":1,"biomesoplenty:mahogany_planks":6,"minecraft:saddle":1,"alexsmobs:bison_fur":6,"minecraft:dirt":6,"minecraft:mutton":1,"minecraft:bone_meal":1,"minecraft:sand":65,"minecraft:dark_oak_planks":14,"alexsmobs:raccoon_tail":1,"minecraft:bone":28,"minecraft:gold_ingot":7,"biomesoplenty:toadstool":1,"minecraft:stone_axe":2,"minecraft:cobbled_deepslate":59,"tombstone:gift":2,"minecraft:rotten_flesh":41,"minecraft:carrot":965,"minecraft:leather_chestplate":1,"minecraft:gunpowder":2,"minecraft:birch_trapdoor":2,"minecraft:chest":1,"minecraft:leather_leggings":1,"minecraft:beef":18,"minecraft:scaffolding":9,"minecraft:enchanting_table":1,"minecraft:iron_ingot":3,"minecraft:wheat_seeds":4,"minecraft:tnt":3,"biomesoplenty:mahogany_leaves":1,"minecraft:cobblestone":1,"minecraft:oak_fence":4,"minecraft:feather":4,"minecraft:tropical_fish":20,"minecraft:coal":14,"biomesoplenty:mahogany_sign":1,"minecraft:stick":3,"minecraft:diorite":2,"minecraft:wooden_hoe":1,"tombstone:grave_dust":21,"minecraft:iron_axe":1,"minecraft:paper":12,"minecraft:string":23,"minecraft:bucket":1,"tombstone:voodoo_poppet":1,"minecraft:moss_carpet":10,"minecraft:kelp":2,"minecraft:oak_trapdoor":11,"minecraft:raw_copper":4,"minecraft:chicken":2,"minecraft:white_carpet":3,"minecraft:cobbled_deepslate_slab":2,"minecraft:oak_sign":1,"minecraft:big_dripleaf":3,"minecraft:cobblestone_slab":6,"minecraft:bundle":1,"minecraft:oak_sapling":3,"minecraft:spider_eye":4,"minecraft:bamboo":31,"minecraft:bow":5,"minecraft:stone_pickaxe":2,"minecraft:wooden_pickaxe":1,"minecraft:bell":1},"minecraft:mined":{"minecraft:dark_oak_planks":16,"minecraft:large_amethyst_bud":4,"minecraft:white_bed":14,"travelersbackpack:pumpkin":1,"minecraft:jungle_leaves":16,"minecraft:cave_vines_plant":1,"minecraft:granite":27,"minecraft:grass_block":268,"minecraft:yellow_carpet":11,"minecraft:jungle_log":9,"minecraft:oak_wall_sign":3,"minecraft:cobbled_deepslate":179,"minecraft:iron_ore":20,"minecraft:fire":6,"minecraft:barrel":1,"minecraft:moss_carpet":4,"minecraft:deepslate_lapis_ore":3,"minecraft:cave_vines":2,"minecraft:oak_sign":1,"minecraft:dirt_path":2,"biomesoplenty:webbing":1,"minecraft:deepslate_redstone_ore":33,"minecraft:kelp_plant":17,"minecraft:smoker":3,"minecraft:medium_amethyst_bud":2,"minecraft:amethyst_cluster":11,"minecraft:torch":3,"minecraft:blast_furnace":9,"minecraft:melon":4,"minecraft:chest":11,"minecraft:mushroom_stem":1,"minecraft:glass":6,"minecraft:cobblestone":16,"minecraft:oak_planks":11,"minecraft:damaged_anvil":1,"minecraft:wall_torch":23,"minecraft:amethyst_block":2,"minecraft:powered_rail":4,"minecraft:jungle_wood":12,"biomesoplenty:glowworm_silk_strand":2,"minecraft:birch_trapdoor":2,"minecraft:tnt":3,"minecraft:grass":61,"minecraft:oak_log":175,"minecraft:sand":258,"minecraft:dirt":138,"minecraft:smooth_basalt":3,"minecraft:oak_leaves":37,"minecraft:deepslate":605,"biomesoplenty:reed":2,"alexscaves:spelunkery_table":3,"minecraft:tuff":56,"minecraft:deepslate_diamond_ore":6,"minecraft:cobbled_deepslate_slab":30,"biomesoplenty:bush":6,"minecraft:allium":1,"minecraft:jungle_planks":10,"minecraft:brown_mushroom_block":2,"minecraft:moss_block":13,"minecraft:kelp":2,"minecraft:large_fern":2,"minecraft:hay_block":27,"minecraft:oak_trapdoor":4,"minecraft:furnace":4,"minecraft:carrots":7,"biomesoplenty:toadstool":1,"minecraft:andesite":18,"biomesoplenty:high_grass":17,"minecraft:deepslate_iron_ore":13,"biomesoplenty:mahogany_leaves":7,"minecraft:vine":2,"minecraft:stripped_oak_log":2,"minecraft:packed_ice":32,"minecraft:stone":137,"minecraft:bone_block":18,"minecraft:oak_slab":4,"minecraft:scaffolding":16,"minecraft:soul_sand":1,"travelersbackpack:standard":9,"minecraft:oak_fence":7,"minecraft:crafting_table":17,"biomesoplenty:mahogany_planks":5,"biomesoplenty:high_grass_plant":21,"minecraft:tall_grass":5,"minecraft:copper_ore":6,"minecraft:lapis_ore":2,"minecraft:diorite":2,"minecraft:big_dripleaf":1,"minecraft:coarse_dirt":6,"biomesoplenty:mahogany_log":62,"biomesoplenty:pink_daffodil":1,"minecraft:white_carpet":4,"minecraft:yellow_bed":4,"minecraft:coal_ore":17,"minecraft:cocoa":1,"minecraft:gravel":34,"minecraft:cobweb":5,"minecraft:fern":19},"minecraft:picked_up":{"minecraft:lead":1,"minecraft:enchanted_book":1,"minecraft:amethyst_block":2,"minecraft:string":30,"minecraft:raw_copper":24,"minecraft:oak_sign":5,"alexsmobs:banana":1,"minecraft:cobbled_deepslate":845,"minecraft:bucket":1,"alexsmobs:raccoon_tail":1,"minecraft:melon_slice":18,"minecraft:furnace":4,"minecraft:stick":13,"minecraft:big_dripleaf":3,"minecraft:birch_trapdoor":2,"minecraft:oak_fence":8,"minecraft:torch":35,"minecraft:porkchop":23,"tombstone:grave_dust":29,"minecraft:diorite":2,"alexsmobs:centipede_leg":27,"minecraft:rotten_flesh":70,"minecraft:tropical_fish":66,"biomesoplenty:mahogany_sapling":1,"minecraft:cod":6,"alexsmobs:flying_fish":2,"minecraft:cobblestone":151,"minecraft:feather":7,"minecraft:cooked_beef":1,"minecraft:andesite":18,"minecraft:jungle_log":9,"minecraft:jungle_wood":12,"minecraft:smoker":3,"minecraft:potato":1,"alexsmobs:bear_fur":2,"alexsmobs:bison_fur":6,"minecraft:flint":3,"minecraft:tuff":57,"biomesoplenty:mahogany_boat":9,"minecraft:lapis_lazuli":41,"minecraft:dirt":344,"minecraft:bone":77,"minecraft:bow":6,"minecraft:wheat_seeds":10,"minecraft:cobbled_deepslate_slab":29,"minecraft:bell":1,"minecraft:bamboo":35,"minecraft:powered_rail":4,"minecraft:moss_block":24,"minecraft:oak_planks":9,"biomesoplenty:mahogany_planks":5,"biomesoplenty:toadstool":1,"biomesoplenty:mahogany_sign":6,"minecraft:jungle_planks":10,"minecraft:sand":319,"alexsmobs:animal_dictionary":1,"minecraft:bundle":2,"minecraft:yellow_carpet":11,"minecraft:diamond":6,"minecraft:granite":27,"minecraft:bone_meal":6,"minecraft:emerald":83,"biomesoplenty:pink_daffodil":3,"minecraft:oak_sapling":7,"minecraft:cocoa_beans":6,"minecraft:coarse_dirt":5,"minecraft:crafting_table":18,"minecraft:chicken":2,"minecraft:packed_ice":14,"minecraft:flint_and_steel":1,"minecraft:oak_trapdoor":4,"minecraft:moss_carpet":12,"minecraft:iron_axe":1,"minecraft:white_carpet":3,"minecraft:beef":47,"alexsmobs:elastic_tendon":2,"minecraft:jungle_sapling":2,"minecraft:chest":12,"minecraft:raw_iron":62,"minecraft:carrot":1175,"minecraft:redstone":145,"minecraft:dark_oak_planks":14,"minecraft:tnt":9,"minecraft:arrow":24,"minecraft:hay_block":39,"alexscaves:spelunkery_table":3,"minecraft:glow_berries":9,"minecraft:mutton":1,"minecraft:bone_block":17,"minecraft:white_wool":1,"minecraft:stripped_oak_log":3,"minecraft:glow_ink_sac":10,"alexsmobs:cachalot_whale_tooth":2,"minecraft:oak_log":193,"minecraft:yellow_bed":4,"minecraft:gunpowder":2,"minecraft:paper":24,"minecraft:kelp":63,"minecraft:iron_ingot":4,"minecraft:stone_pickaxe":1,"minecraft:cooked_chicken":3,"tombstone:bag_of_seeds":1,"minecraft:soul_sand":1,"minecraft:scaffolding":72,"minecraft:smooth_basalt":3,"minecraft:spyglass":1,"minecraft:gravel":24,"minecraft:amethyst_shard":44,"minecraft:blast_furnace":9,"minecraft:white_bed":10,"minecraft:spider_eye":6,"travelersbackpack:standard":10,"biomesoplenty:mahogany_log":54,"minecraft:stone_axe":2,"travelersbackpack:pumpkin":1,"tombstone:magic_scroll":2,"minecraft:damaged_anvil":1,"minecraft:coal":48},"minecraft:broken":{"minecraft:iron_shovel":2,"minecraft:stone_axe":2,"minecraft:iron_sword":1,"minecraft:stone_hoe":2,"minecraft:shield":2,"minecraft:iron_pickaxe":5},"minecraft:killed":{"dungeonsweaponry:wraith":1,"minecraft:spider":6,"dungeonsweaponry:enchanter":2,"alexsmobs:murmur":1,"minecraft:cod":7,"minecraft:skeleton":373,"alexsmobs:orca":1,"minecraft:chicken":6,"alexsmobs:centipede_head":15,"minecraft:pig":10,"alexsmobs:grizzly_bear":2,"minecraft:creeper":3,"minecraft:sheep":1,"minecraft:zombie":56,"alexsmobs:terrapin":1,"minecraft:cow":1,"alexsmobs:raccoon":1,"alexsmobs:seagull":1,"alexsmobs:bison":6,"alexsmobs:flying_fish":5,"minecraft:husk":1,"alexsmobs:crow":2,"minecraft:enderman":1},"minecraft:crafted":{"minecraft:oak_planks":400,"minecraft:oak_sign":12,"mythicmounts:summoning_staff":1,"minecraft:glass":158,"minecraft:hopper":1,"minecraft:bow":11,"minecraft:iron_boots":1,"minecraft:chest":16,"minecraft:chiseled_stone_bricks":32,"minecraft:stone_hoe":3,"minecraft:oak_fence":3,"tombstone:book_of_magic_impregnation":2,"minecraft:smoker":1,"minecraft:oak_slab":66,"minecraft:cooked_porkchop":20,"minecraft:emerald":216,"minecraft:crafting_table":5,"minecraft:wooden_pickaxe":1,"minecraft:iron_helmet":13,"dungeonsweaponry:cutlass":1,"minecraft:copper_ingot":2,"tombstone:decorative_grave_normal":1,"minecraft:iron_chestplate":1,"minecraft:wooden_hoe":1,"minecraft:shield":24,"minecraft:stick":32,"minecraft:iron_ingot":47,"minecraft:iron_pickaxe":4,"biomesoplenty:mahogany_boat":1,"minecraft:composter":8,"minecraft:shears":1,"biomesoplenty:mahogany_sign":3,"minecraft:cobbled_deepslate_slab":256,"minecraft:spyglass":1,"biomesoplenty:mahogany_planks":216,"minecraft:furnace":5,"minecraft:bone_meal":195,"minecraft:oak_trapdoor":36,"minecraft:iron_axe":1,"minecraft:iron_hoe":1,"minecraft:stone_pickaxe":1,"minecraft:cobbled_deepslate_stairs":4,"alexsmobs:flying_fish_boots":1,"alexsmobs:centipede_leggings":3,"minecraft:chainmail_leggings":27,"minecraft:wheat":234,"minecraft:cooked_beef":18,"minecraft:coal_block":3,"minecraft:cooked_cod":6,"minecraft:stone_axe":2,"minecraft:jungle_planks":84,"minecraft:air":0,"minecraft:bread":39,"travelersbackpack:squid":1,"tombstone:book_of_scribe":1,"minecraft:iron_shovel":3,"minecraft:iron_leggings":12,"minecraft:white_bed":12,"minecraft:torch":108},"minecraft:custom":{"minecraft:animals_bred":3,"minecraft:interact_with_crafting_table":69,"minecraft:open_barrel":27,"minecraft:bell_ring":1,"minecraft:leave_game":33,"minecraft:time_since_death":185880,"minecraft:sprint_one_cm":919692,"minecraft:damage_blocked_by_shield":6090,"minecraft:drop":159,"minecraft:talked_to_villager":76,"minecraft:play_time":858029,"minecraft:deaths":32,"minecraft:jump":8230,"minecraft:walk_on_water_one_cm":357984,"minecraft:enchant_item":6,"minecraft:interact_with_furnace":34,"minecraft:traded_with_villager":297,"minecraft:interact_with_loom":14,"minecraft:sleep_in_bed":21,"minecraft:damage_dealt":27324,"minecraft:crouch_one_cm":118452,"tombstone:undead_killed":431,"minecraft:interact_with_smoker":14,"minecraft:horse_one_cm":2896412,"minecraft:interact_with_anvil":3,"minecraft:mob_kills":506,"minecraft:inspect_hopper":4,"minecraft:climb_one_cm":76908,"minecraft:walk_one_cm":1525989,"tombstone:consume_soul":2,"minecraft:damage_dealt_absorbed":119,"minecraft:sneak_time":41137,"minecraft:walk_under_water_one_cm":191175,"minecraft:boat_one_cm":122730,"minecraft:interact_with_blast_furnace":11,"minecraft:total_world_time":858029,"minecraft:time_since_rest":6045,"minecraft:damage_absorbed":79,"minecraft:damage_taken":16557,"minecraft:swim_one_cm":117382,"minecraft:fly_one_cm":1243318,"minecraft:open_chest":272,"tombstone:use_magic_impregnation":2,"minecraft:fall_one_cm":166856},"minecraft:used":{"minecraft:iron_shovel":567,"minecraft:oak_sign":12,"minecraft:chest":25,"biomesoplenty:mahogany_leaves":2,"minecraft:shield":130,"minecraft:iron_sword":417,"tombstone:scroll_of_purification":1,"minecraft:soul_sand":2,"minecraft:jungle_planks":94,"minecraft:carrot":512,"minecraft:tuff":3,"minecraft:glass":140,"tombstone:decorative_grave_normal":1,"minecraft:bow":59,"minecraft:scaffolding":86,"minecraft:furnace":5,"minecraft:cooked_cod":6,"minecraft:potato":1,"minecraft:oak_planks":16,"minecraft:stone_pickaxe":88,"minecraft:wooden_pickaxe":23,"minecraft:composter":8,"dungeonsweaponry:cutlass":227,"minecraft:golden_apple":2,"minecraft:glow_berries":2,"alexscaves:cave_book":4,"minecraft:blast_furnace":9,"minecraft:crossbow":7,"minecraft:cobbled_deepslate_stairs":2,"alexsmobs:terrapin_bucket":1,"minecraft:melon_slice":18,"minecraft:bread":46,"travelersbackpack:pumpkin":3,"minecraft:gravel":24,"minecraft:andesite":7,"minecraft:coarse_dirt":1,"minecraft:bone_meal":197,"minecraft:golden_pickaxe":15,"minecraft:oak_fence":7,"biomesoplenty:mahogany_planks":144,"minecraft:oak_trapdoor":29,"minecraft:flint_and_steel":5,"minecraft:tropical_fish":43,"minecraft:cooked_chicken":1,"minecraft:stone_hoe":350,"minecraft:torch":144,"minecraft:dirt":368,"minecraft:spyglass":7,"minecraft:hopper":1,"minecraft:yellow_carpet":11,"minecraft:granite":21,"minecraft:iron_hoe":199,"minecraft:iron_axe":150,"minecraft:smooth_basalt":3,"minecraft:bamboo":4,"alexscaves:spelunkery_table":2,"minecraft:golden_carrot":1,"alexsmobs:banana":1,"tombstone:gift":2,"minecraft:cooked_beef":8,"minecraft:cobbled_deepslate":183,"minecraft:water_bucket":99,"minecraft:amethyst_block":2,"minecraft:crafting_table":20,"minecraft:white_bed":22,"minecraft:smoker":4,"minecraft:wooden_hoe":16,"biomesoplenty:pink_daffodil":1,"minecraft:iron_pickaxe":1157,"biomesoplenty:mahogany_sign":8,"biomesoplenty:mahogany_boat":8,"minecraft:stone_axe":251,"minecraft:cobblestone":92,"minecraft:cobbled_deepslate_slab":272,"travelersbackpack:standard":3,"minecraft:cooked_porkchop":20,"minecraft:bucket":97,"minecraft:yellow_bed":3,"minecraft:kelp":25}},"DataVersion":3465}