{"stats":{"minecraft:killed_by":{"minecraft:wither_skeleton":1,"minecraft:creeper":1,"minecraft:zombie":1,"alexsmobs:grizzly_bear":2,"mythicmounts:dragon":3,"minecraft:spider":1,"alexsmobs:centipede_head":14},"minecraft:dropped":{"minecraft:moss_block":12,"biomesoplenty:pink_daffodil":2,"minecraft:cooked_beef":4,"minecraft:crafting_table":1,"biomesoplenty:mahogany_planks":6,"alexsmobs:bison_fur":4,"minecraft:dirt":4,"minecraft:mutton":1,"minecraft:bone_meal":1,"minecraft:dark_oak_planks":14,"alexsmobs:raccoon_tail":1,"minecraft:gold_ingot":7,"minecraft:bone":13,"minecraft:stone_axe":2,"minecraft:cobbled_deepslate":12,"tombstone:gift":2,"minecraft:rotten_flesh":33,"minecraft:leather_chestplate":1,"minecraft:leather_leggings":1,"minecraft:beef":2,"minecraft:iron_ingot":3,"minecraft:wheat_seeds":4,"minecraft:tnt":3,"biomesoplenty:mahogany_leaves":1,"minecraft:oak_fence":3,"minecraft:feather":4,"minecraft:tropical_fish":20,"biomesoplenty:mahogany_sign":1,"minecraft:stick":3,"minecraft:diorite":2,"minecraft:wooden_hoe":1,"tombstone:grave_dust":13,"minecraft:string":22,"minecraft:paper":12,"minecraft:bucket":1,"minecraft:moss_carpet":10,"minecraft:kelp":2,"minecraft:raw_copper":4,"minecraft:chicken":2,"minecraft:big_dripleaf":3,"minecraft:bundle":1,"minecraft:oak_sapling":3,"minecraft:spider_eye":2,"minecraft:bow":5,"minecraft:stone_pickaxe":2,"minecraft:wooden_pickaxe":1},"minecraft:mined":{"minecraft:dark_oak_planks":16,"minecraft:large_amethyst_bud":2,"minecraft:white_bed":3,"minecraft:jungle_leaves":16,"minecraft:cave_vines_plant":1,"minecraft:granite":20,"minecraft:grass_block":233,"minecraft:yellow_carpet":9,"minecraft:jungle_log":9,"minecraft:cobbled_deepslate":151,"minecraft:iron_ore":20,"minecraft:fire":1,"minecraft:barrel":1,"minecraft:moss_carpet":4,"minecraft:deepslate_lapis_ore":3,"minecraft:cave_vines":2,"minecraft:oak_sign":1,"minecraft:dirt_path":2,"biomesoplenty:webbing":1,"minecraft:deepslate_redstone_ore":33,"minecraft:kelp_plant":4,"minecraft:smoker":3,"minecraft:amethyst_cluster":1,"minecraft:torch":1,"minecraft:blast_furnace":2,"minecraft:melon":4,"minecraft:chest":8,"minecraft:cobblestone":9,"minecraft:oak_planks":9,"minecraft:wall_torch":11,"minecraft:powered_rail":4,"minecraft:jungle_wood":12,"biomesoplenty:glowworm_silk_strand":2,"minecraft:tnt":3,"minecraft:grass":50,"minecraft:oak_log":88,"minecraft:dirt":34,"minecraft:smooth_basalt":3,"minecraft:oak_leaves":27,"minecraft:deepslate":542,"biomesoplenty:reed":2,"alexscaves:spelunkery_table":3,"minecraft:tuff":52,"minecraft:deepslate_diamond_ore":6,"biomesoplenty:bush":6,"minecraft:allium":1,"minecraft:jungle_planks":10,"minecraft:moss_block":13,"minecraft:large_fern":2,"minecraft:hay_block":27,"minecraft:furnace":4,"minecraft:carrots":1,"minecraft:andesite":18,"biomesoplenty:mahogany_leaves":7,"biomesoplenty:high_grass":12,"minecraft:deepslate_iron_ore":13,"minecraft:vine":2,"minecraft:stripped_oak_log":2,"minecraft:stone":118,"minecraft:bone_block":18,"travelersbackpack:standard":8,"minecraft:oak_fence":5,"minecraft:crafting_table":15,"biomesoplenty:mahogany_planks":5,"biomesoplenty:high_grass_plant":18,"minecraft:tall_grass":4,"minecraft:copper_ore":6,"minecraft:lapis_ore":2,"minecraft:diorite":2,"minecraft:big_dripleaf":1,"biomesoplenty:mahogany_log":62,"biomesoplenty:pink_daffodil":1,"minecraft:yellow_bed":4,"minecraft:coal_ore":17,"minecraft:cocoa":1,"minecraft:gravel":33,"minecraft:cobweb":5,"minecraft:fern":19},"minecraft:picked_up":{"minecraft:lead":1,"minecraft:enchanted_book":1,"minecraft:string":29,"minecraft:raw_copper":24,"minecraft:oak_sign":1,"alexsmobs:banana":1,"minecraft:cobbled_deepslate":708,"minecraft:bucket":1,"alexsmobs:raccoon_tail":1,"minecraft:melon_slice":18,"minecraft:furnace":4,"minecraft:stick":11,"minecraft:big_dripleaf":3,"minecraft:oak_fence":6,"minecraft:torch":26,"minecraft:porkchop":23,"tombstone:grave_dust":17,"minecraft:diorite":2,"alexsmobs:centipede_leg":27,"minecraft:rotten_flesh":57,"minecraft:tropical_fish":66,"biomesoplenty:mahogany_sapling":1,"minecraft:cobblestone":125,"minecraft:cod":6,"alexsmobs:flying_fish":2,"minecraft:feather":4,"minecraft:cooked_beef":1,"minecraft:andesite":18,"minecraft:jungle_log":9,"minecraft:jungle_wood":12,"minecraft:smoker":3,"alexsmobs:bison_fur":4,"alexsmobs:bear_fur":2,"minecraft:flint":3,"biomesoplenty:mahogany_boat":9,"minecraft:tuff":53,"minecraft:dirt":243,"minecraft:lapis_lazuli":41,"minecraft:bone":46,"minecraft:bow":5,"minecraft:wheat_seeds":6,"minecraft:powered_rail":4,"minecraft:moss_block":24,"minecraft:oak_planks":9,"biomesoplenty:mahogany_planks":5,"biomesoplenty:mahogany_sign":6,"minecraft:jungle_planks":10,"alexsmobs:animal_dictionary":1,"minecraft:bundle":2,"minecraft:yellow_carpet":9,"minecraft:diamond":6,"minecraft:granite":20,"minecraft:bone_meal":6,"minecraft:emerald":4,"biomesoplenty:pink_daffodil":2,"minecraft:oak_sapling":7,"minecraft:cocoa_beans":6,"minecraft:crafting_table":16,"minecraft:chicken":2,"minecraft:moss_carpet":12,"minecraft:flint_and_steel":1,"minecraft:beef":31,"alexsmobs:elastic_tendon":2,"minecraft:jungle_sapling":2,"minecraft:chest":8,"minecraft:raw_iron":62,"minecraft:carrot":135,"minecraft:redstone":145,"minecraft:dark_oak_planks":14,"minecraft:tnt":9,"minecraft:arrow":15,"minecraft:hay_block":39,"alexscaves:spelunkery_table":3,"minecraft:glow_berries":9,"minecraft:mutton":1,"minecraft:bone_block":17,"minecraft:white_wool":1,"minecraft:stripped_oak_log":3,"minecraft:glow_ink_sac":10,"minecraft:oak_log":106,"minecraft:yellow_bed":4,"minecraft:paper":24,"minecraft:kelp":2,"minecraft:iron_ingot":4,"minecraft:stone_pickaxe":1,"minecraft:smooth_basalt":3,"minecraft:spyglass":1,"minecraft:gravel":23,"minecraft:amethyst_shard":4,"minecraft:blast_furnace":2,"minecraft:white_bed":3,"minecraft:spider_eye":2,"travelersbackpack:standard":9,"biomesoplenty:mahogany_log":54,"minecraft:stone_axe":2,"tombstone:magic_scroll":2,"minecraft:coal":34},"minecraft:broken":{"minecraft:stone_axe":2,"minecraft:iron_sword":1,"minecraft:stone_hoe":2,"minecraft:shield":2,"minecraft:iron_pickaxe":3},"minecraft:killed":{"dungeonsweaponry:wraith":1,"minecraft:spider":3,"dungeonsweaponry:enchanter":2,"alexsmobs:murmur":1,"minecraft:cod":7,"minecraft:skeleton":25,"minecraft:chicken":3,"alexsmobs:centipede_head":15,"minecraft:pig":10,"alexsmobs:grizzly_bear":2,"minecraft:creeper":1,"minecraft:sheep":1,"minecraft:zombie":42,"alexsmobs:terrapin":1,"minecraft:cow":1,"alexsmobs:raccoon":1,"alexsmobs:seagull":1,"alexsmobs:bison":5,"alexsmobs:flying_fish":5,"minecraft:husk":1,"alexsmobs:crow":1,"minecraft:enderman":1},"minecraft:crafted":{"minecraft:oak_planks":120,"minecraft:oak_sign":6,"minecraft:iron_boots":1,"minecraft:chest":5,"minecraft:stone_hoe":3,"minecraft:oak_fence":3,"minecraft:smoker":1,"minecraft:cooked_porkchop":20,"minecraft:crafting_table":4,"minecraft:wooden_pickaxe":1,"minecraft:iron_helmet":1,"dungeonsweaponry:cutlass":1,"minecraft:copper_ingot":2,"minecraft:wooden_hoe":1,"minecraft:shield":3,"minecraft:stick":32,"minecraft:iron_ingot":47,"minecraft:iron_pickaxe":3,"biomesoplenty:mahogany_boat":1,"biomesoplenty:mahogany_sign":3,"minecraft:spyglass":1,"biomesoplenty:mahogany_planks":216,"minecraft:furnace":5,"minecraft:bone_meal":195,"minecraft:stone_pickaxe":1,"alexsmobs:flying_fish_boots":1,"alexsmobs:centipede_leggings":3,"minecraft:wheat":234,"minecraft:cooked_beef":18,"minecraft:cooked_cod":6,"minecraft:stone_axe":2,"minecraft:jungle_planks":84,"minecraft:bread":39,"minecraft:air":0,"minecraft:iron_shovel":1,"minecraft:torch":96},"minecraft:custom":{"minecraft:animals_bred":3,"minecraft:interact_with_crafting_table":51,"minecraft:open_barrel":27,"minecraft:bell_ring":1,"minecraft:leave_game":11,"minecraft:time_since_death":35891,"minecraft:sprint_one_cm":594973,"minecraft:damage_blocked_by_shield":6000,"minecraft:drop":98,"minecraft:talked_to_villager":7,"minecraft:play_time":479016,"minecraft:deaths":29,"minecraft:jump":5365,"minecraft:walk_on_water_one_cm":250511,"minecraft:interact_with_furnace":24,"minecraft:interact_with_loom":14,"minecraft:sleep_in_bed":6,"minecraft:damage_dealt":25066,"minecraft:crouch_one_cm":39566,"tombstone:undead_killed":69,"minecraft:interact_with_smoker":13,"minecraft:horse_one_cm":956638,"minecraft:mob_kills":131,"minecraft:climb_one_cm":6000,"minecraft:walk_one_cm":918887,"minecraft:damage_dealt_absorbed":119,"minecraft:sneak_time":16609,"minecraft:walk_under_water_one_cm":127886,"minecraft:boat_one_cm":122730,"minecraft:interact_with_blast_furnace":7,"minecraft:total_world_time":479016,"minecraft:time_since_rest":35644,"minecraft:damage_taken":14280,"minecraft:damage_absorbed":79,"minecraft:swim_one_cm":88135,"minecraft:fly_one_cm":858587,"minecraft:open_chest":100,"minecraft:fall_one_cm":118760},"minecraft:used":{"minecraft:iron_shovel":269,"minecraft:oak_sign":5,"biomesoplenty:mahogany_leaves":2,"minecraft:chest":13,"minecraft:shield":128,"minecraft:iron_sword":410,"tombstone:scroll_of_purification":1,"minecraft:jungle_planks":94,"minecraft:carrot":175,"minecraft:tuff":3,"minecraft:bow":1,"minecraft:furnace":5,"minecraft:cooked_cod":6,"minecraft:stone_pickaxe":88,"minecraft:oak_planks":16,"minecraft:wooden_pickaxe":23,"dungeonsweaponry:cutlass":130,"minecraft:golden_apple":2,"minecraft:glow_berries":2,"alexscaves:cave_book":4,"minecraft:blast_furnace":2,"minecraft:bread":40,"minecraft:melon_slice":18,"minecraft:gravel":5,"minecraft:andesite":7,"minecraft:bone_meal":197,"minecraft:oak_fence":6,"biomesoplenty:mahogany_planks":144,"minecraft:tropical_fish":43,"minecraft:stone_hoe":350,"minecraft:torch":116,"minecraft:dirt":34,"minecraft:spyglass":7,"minecraft:yellow_carpet":9,"minecraft:granite":6,"minecraft:iron_axe":28,"minecraft:smooth_basalt":3,"alexscaves:spelunkery_table":2,"minecraft:golden_carrot":1,"alexsmobs:banana":1,"tombstone:gift":1,"minecraft:cooked_beef":8,"minecraft:cobbled_deepslate":102,"minecraft:water_bucket":64,"minecraft:crafting_table":17,"minecraft:white_bed":3,"minecraft:smoker":4,"minecraft:wooden_hoe":16,"minecraft:iron_pickaxe":952,"biomesoplenty:mahogany_sign":8,"biomesoplenty:mahogany_boat":8,"minecraft:stone_axe":251,"minecraft:cobblestone":81,"travelersbackpack:standard":2,"minecraft:cooked_porkchop":20,"minecraft:bucket":63,"minecraft:yellow_bed":3}},"DataVersion":3465}