{"stats":{"minecraft:killed_by":{"minecraft:skeleton":1,"minecraft:drowned":1},"minecraft:dropped":{"minecraft:furnace":1,"alexsmobs:maggot":1,"minecraft:crafting_table":1,"minecraft:wheat":1,"biomesoplenty:black_sand":3,"minecraft:rotten_flesh":8,"minecraft:arrow":2,"minecraft:string":1,"minecraft:bone":1},"minecraft:mined":{"minecraft:dark_oak_planks":1,"minecraft:farmland":9,"minecraft:jungle_leaves":19,"biomesoplenty:black_sand":3,"minecraft:crafting_table":4,"minecraft:grass_block":10,"minecraft:melon":67,"biomesoplenty:high_grass_plant":430,"minecraft:tall_grass":29,"biomesoplenty:sprout":6,"minecraft:sugar_cane":19,"minecraft:red_mushroom":6,"minecraft:sandstone":16,"minecraft:wall_torch":1,"minecraft:large_fern":1,"minecraft:seagrass":1,"minecraft:tall_seagrass":2,"biomesoplenty:tall_lavender":3,"minecraft:jungle_wood":21,"minecraft:furnace":1,"biomesoplenty:mahogany_log":58,"minecraft:wheat":39,"minecraft:barrel":2,"biomesoplenty:pink_daffodil":34,"biomesoplenty:lavender":55,"minecraft:pumpkin_stem":1,"minecraft:grass":605,"biomesoplenty:high_grass":220,"minecraft:cocoa":19,"minecraft:coal_ore":27,"minecraft:beetroots":2,"biomesoplenty:mahogany_leaves":28,"minecraft:vine":3,"minecraft:sand":110,"minecraft:dirt":18,"minecraft:stone":57,"minecraft:small_dripleaf":1,"minecraft:bone_block":11,"minecraft:oak_leaves":12,"minecraft:fern":79},"minecraft:picked_up":{"minecraft:cocoa_beans":57,"minecraft:crafting_table":4,"minecraft:jungle_boat":8,"minecraft:cooked_beef":3,"minecraft:leather":9,"minecraft:jungle_wood":20,"minecraft:red_mushroom":6,"alexsmobs:bison_fur":3,"minecraft:gunpowder":19,"minecraft:dirt":60,"minecraft:string":14,"minecraft:bone":1,"minecraft:wheat_seeds":109,"biomesoplenty:black_sand":3,"alexsmobs:banana":1,"minecraft:beef":17,"minecraft:melon_slice":302,"minecraft:sugar_cane":45,"minecraft:furnace":1,"minecraft:dark_oak_sapling":4,"minecraft:stick":3,"minecraft:sandstone":16,"minecraft:torch":1,"minecraft:sand":113,"tombstone:grave_dust":2,"minecraft:redstone":7,"minecraft:barrel":2,"minecraft:dark_oak_planks":1,"minecraft:jungle_leaves":4,"minecraft:rotten_flesh":13,"biomesoplenty:mahogany_log":60,"minecraft:pumpkin_seeds":1,"minecraft:arrow":4,"minecraft:beetroot_seeds":4,"biomesoplenty:mahogany_sapling":2,"alexsmobs:maggot":1,"biomesoplenty:pink_daffodil":34,"minecraft:oak_sapling":5,"minecraft:coal":26,"minecraft:bone_block":12,"minecraft:cobblestone":54,"biomesoplenty:lavender":55},"minecraft:broken":{"minecraft:stone_pickaxe":1,"minecraft:stone_sword":1,"minecraft:stone_axe":1,"minecraft:wooden_hoe":1,"minecraft:wooden_pickaxe":1},"minecraft:killed":{"minecraft:spider":1,"minecraft:skeleton":1,"minecraft:zombie":1,"alexsmobs:fly":1,"minecraft:cow":9},"minecraft:crafted":{"minecraft:crafting_table":3,"minecraft:jungle_boat":1,"minecraft:wooden_pickaxe":1,"minecraft:furnace":1,"minecraft:bone_meal":99,"minecraft:stone_axe":1,"minecraft:bread":2,"minecraft:jungle_planks":80,"minecraft:wooden_hoe":1,"minecraft:charcoal":7,"minecraft:stick":32,"minecraft:stone_pickaxe":1,"minecraft:stone_sword":2,"minecraft:torch":28},"minecraft:custom":{"minecraft:interact_with_furnace":9,"minecraft:mob_kills":13,"minecraft:interact_with_crafting_table":15,"minecraft:open_barrel":11,"minecraft:leave_game":2,"minecraft:time_since_death":56272,"minecraft:sleep_in_bed":2,"minecraft:climb_one_cm":3754,"minecraft:time_since_rest":2280,"minecraft:sprint_one_cm":175799,"minecraft:damage_taken":1303,"minecraft:walk_one_cm":480780,"minecraft:drop":11,"minecraft:damage_dealt":2203,"minecraft:play_time":137342,"minecraft:fly_one_cm":85914,"minecraft:crouch_one_cm":600,"minecraft:sneak_time":502,"minecraft:open_chest":10,"tombstone:undead_killed":2,"minecraft:deaths":2,"minecraft:walk_under_water_one_cm":20378,"minecraft:boat_one_cm":516471,"minecraft:jump":1277,"minecraft:walk_on_water_one_cm":64948,"minecraft:total_world_time":137342,"minecraft:fall_one_cm":19699},"minecraft:used":{"minecraft:wheat_seeds":42,"minecraft:stone_sword":155,"minecraft:stone_pickaxe":117,"minecraft:bone_block":1,"minecraft:wooden_pickaxe":77,"minecraft:sandstone":16,"minecraft:leather_boots":1,"minecraft:jungle_boat":8,"biomesoplenty:mahogany_log":8,"minecraft:torch":20,"minecraft:dirt":26,"minecraft:sand":71,"minecraft:crafting_table":5,"minecraft:pumpkin_seeds":5,"minecraft:dark_oak_planks":1,"minecraft:wooden_hoe":263,"minecraft:bread":2,"minecraft:melon_slice":37,"minecraft:leather_helmet":1,"minecraft:barrel":2,"minecraft:stone_axe":286,"minecraft:furnace":1,"minecraft:beetroot_seeds":4,"tombstone:gift":3,"minecraft:cooked_beef":3}},"DataVersion":3465}