{"stats":{"minecraft:killed_by":{"minecraft:skeleton":1},"minecraft:dropped":{"minecraft:crafting_table":1},"minecraft:mined":{"minecraft:dark_oak_planks":1,"minecraft:farmland":8,"minecraft:jungle_leaves":2,"biomesoplenty:black_sand":3,"minecraft:crafting_table":3,"minecraft:grass_block":3,"biomesoplenty:high_grass_plant":5,"minecraft:sugar_cane":6,"minecraft:sandstone":16,"minecraft:seagrass":1,"minecraft:tall_seagrass":2,"minecraft:jungle_wood":21,"minecraft:furnace":1,"biomesoplenty:mahogany_log":13,"minecraft:barrel":2,"biomesoplenty:pink_daffodil":1,"minecraft:grass":4,"biomesoplenty:high_grass":1,"biomesoplenty:mahogany_leaves":1,"minecraft:dirt":7,"minecraft:sand":110,"minecraft:stone":46,"minecraft:fern":4},"minecraft:picked_up":{"minecraft:crafting_table":3,"minecraft:jungle_boat":2,"minecraft:cooked_beef":3,"minecraft:jungle_wood":20,"alexsmobs:bison_fur":3,"minecraft:gunpowder":19,"minecraft:string":14,"minecraft:dirt":41,"minecraft:bone":1,"minecraft:wheat_seeds":6,"biomesoplenty:black_sand":3,"minecraft:melon_slice":5,"minecraft:sugar_cane":15,"minecraft:furnace":1,"minecraft:dark_oak_sapling":4,"minecraft:sandstone":16,"minecraft:sand":113,"tombstone:grave_dust":2,"minecraft:redstone":7,"minecraft:barrel":2,"minecraft:dark_oak_planks":1,"minecraft:jungle_leaves":4,"minecraft:pumpkin_seeds":1,"biomesoplenty:mahogany_log":15,"minecraft:arrow":2,"minecraft:rotten_flesh":13,"minecraft:beetroot_seeds":2,"alexsmobs:maggot":1,"biomesoplenty:pink_daffodil":1,"minecraft:oak_sapling":5,"minecraft:bone_block":1,"minecraft:cobblestone":43},"minecraft:killed":{"minecraft:spider":1,"minecraft:skeleton":1,"minecraft:zombie":1,"alexsmobs:fly":1},"minecraft:crafted":{"minecraft:crafting_table":2,"minecraft:jungle_boat":1,"minecraft:wooden_pickaxe":1,"minecraft:furnace":1,"minecraft:bread":2,"minecraft:jungle_planks":52,"minecraft:wooden_hoe":1,"minecraft:charcoal":7,"minecraft:stick":32,"minecraft:stone_pickaxe":1,"minecraft:stone_sword":1,"minecraft:torch":28},"minecraft:custom":{"minecraft:interact_with_furnace":4,"minecraft:mob_kills":4,"minecraft:interact_with_crafting_table":14,"minecraft:open_barrel":10,"minecraft:leave_game":2,"minecraft:time_since_death":53415,"minecraft:climb_one_cm":242,"minecraft:time_since_rest":52243,"minecraft:sprint_one_cm":41322,"minecraft:damage_taken":899,"minecraft:walk_one_cm":204710,"minecraft:drop":1,"minecraft:damage_dealt":1273,"minecraft:fly_one_cm":22104,"minecraft:open_chest":9,"minecraft:crouch_one_cm":283,"minecraft:play_time":77828,"tombstone:undead_killed":2,"minecraft:deaths":1,"minecraft:sneak_time":303,"minecraft:walk_under_water_one_cm":13071,"minecraft:boat_one_cm":287151,"minecraft:jump":564,"minecraft:walk_on_water_one_cm":34505,"minecraft:total_world_time":77828,"minecraft:fall_one_cm":9001},"minecraft:used":{"minecraft:wheat_seeds":2,"minecraft:stone_sword":77,"minecraft:stone_pickaxe":48,"minecraft:bone_block":1,"minecraft:wooden_pickaxe":43,"minecraft:sandstone":16,"minecraft:leather_boots":1,"minecraft:jungle_boat":2,"biomesoplenty:mahogany_log":8,"minecraft:torch":4,"minecraft:dirt":16,"minecraft:sand":71,"minecraft:crafting_table":4,"minecraft:pumpkin_seeds":4,"minecraft:dark_oak_planks":1,"minecraft:wooden_hoe":10,"minecraft:bread":2,"minecraft:melon_slice":9,"minecraft:leather_helmet":1,"minecraft:barrel":2,"minecraft:furnace":1,"minecraft:beetroot_seeds":2,"tombstone:gift":2,"minecraft:cooked_beef":3}},"DataVersion":3465}