{"stats":{"minecraft:killed_by":{"minecraft:skeleton":1,"minecraft:drowned":1},"minecraft:dropped":{"minecraft:furnace":1,"alexsmobs:maggot":1,"minecraft:crafting_table":1,"minecraft:wheat":1,"biomesoplenty:black_sand":3,"minecraft:rotten_flesh":8,"minecraft:dirt":16,"minecraft:arrow":4,"minecraft:string":1,"minecraft:bone":1},"minecraft:mined":{"minecraft:dark_oak_planks":1,"biomesoplenty:jacaranda_leaves":52,"minecraft:farmland":9,"minecraft:jungle_leaves":19,"biomesoplenty:black_sand":3,"minecraft:crafting_table":4,"biomesoplenty:bush":1,"minecraft:grass_block":17,"minecraft:melon":67,"biomesoplenty:high_grass_plant":430,"minecraft:tall_grass":31,"biomesoplenty:sprout":6,"minecraft:sugar_cane":19,"minecraft:red_mushroom":6,"minecraft:sandstone":16,"minecraft:wall_torch":1,"biomesoplenty:jacaranda_log":6,"minecraft:large_fern":1,"minecraft:seagrass":1,"minecraft:tall_seagrass":2,"biomesoplenty:tall_lavender":3,"minecraft:jungle_wood":21,"minecraft:furnace":1,"minecraft:carrots":11,"minecraft:fire":1,"biomesoplenty:mahogany_log":58,"minecraft:wheat":50,"minecraft:barrel":2,"minecraft:lilac":3,"biomesoplenty:pink_daffodil":34,"biomesoplenty:lavender":55,"minecraft:birch_leaves":4,"minecraft:pumpkin_stem":1,"minecraft:potatoes":2,"minecraft:grass":612,"biomesoplenty:high_grass":220,"minecraft:cocoa":19,"minecraft:coal_ore":27,"minecraft:beetroots":3,"biomesoplenty:mahogany_leaves":28,"minecraft:vine":3,"minecraft:sand":111,"minecraft:dirt":25,"minecraft:stone":57,"minecraft:small_dripleaf":1,"minecraft:bone_block":11,"minecraft:oak_leaves":18,"minecraft:fern":79},"minecraft:picked_up":{"minecraft:cocoa_beans":57,"minecraft:crafting_table":4,"minecraft:jungle_boat":9,"minecraft:cooked_beef":3,"minecraft:leather":9,"minecraft:jungle_wood":20,"minecraft:red_mushroom":6,"alexsmobs:bison_fur":3,"biomesoplenty:jacaranda_sapling":2,"minecraft:gunpowder":19,"minecraft:dirt":60,"minecraft:string":14,"minecraft:bone":1,"minecraft:wheat_seeds":109,"biomesoplenty:black_sand":3,"alexsmobs:banana":1,"minecraft:beef":20,"minecraft:melon_slice":302,"minecraft:sugar_cane":49,"minecraft:furnace":1,"minecraft:dark_oak_sapling":4,"minecraft:stick":6,"minecraft:sandstone":16,"minecraft:torch":1,"minecraft:sand":114,"tombstone:grave_dust":2,"minecraft:redstone":7,"minecraft:barrel":2,"minecraft:dark_oak_planks":1,"minecraft:jungle_leaves":4,"minecraft:rotten_flesh":13,"biomesoplenty:mahogany_log":60,"minecraft:pumpkin_seeds":1,"minecraft:arrow":4,"biomesoplenty:jacaranda_log":6,"minecraft:beetroot_seeds":5,"biomesoplenty:mahogany_sapling":2,"alexsmobs:maggot":1,"biomesoplenty:pink_daffodil":34,"minecraft:oak_sapling":5,"minecraft:coal":26,"minecraft:bone_block":12,"minecraft:cobblestone":54,"biomesoplenty:lavender":55},"minecraft:broken":{"minecraft:stone_pickaxe":1,"minecraft:stone_sword":1,"minecraft:stone_axe":1,"minecraft:wooden_hoe":1,"minecraft:wooden_pickaxe":1},"minecraft:killed":{"minecraft:spider":1,"minecraft:skeleton":1,"minecraft:zombie":2,"alexsmobs:fly":1,"minecraft:cow":11},"minecraft:crafted":{"minecraft:crafting_table":3,"minecraft:jungle_boat":1,"minecraft:wooden_pickaxe":1,"minecraft:furnace":1,"minecraft:bone_meal":99,"minecraft:stone_axe":1,"minecraft:bread":2,"minecraft:jungle_planks":80,"minecraft:wooden_hoe":1,"minecraft:charcoal":7,"minecraft:stick":32,"minecraft:stone_pickaxe":1,"minecraft:stone_sword":2,"minecraft:torch":28},"minecraft:custom":{"minecraft:interact_with_furnace":9,"minecraft:mob_kills":16,"minecraft:interact_with_crafting_table":15,"minecraft:open_barrel":11,"minecraft:leave_game":3,"minecraft:time_since_death":78734,"minecraft:sleep_in_bed":2,"minecraft:climb_one_cm":3980,"minecraft:time_since_rest":24742,"minecraft:sprint_one_cm":232966,"minecraft:damage_taken":1451,"minecraft:walk_one_cm":562653,"minecraft:drop":13,"minecraft:damage_dealt":2465,"minecraft:talked_to_villager":4,"minecraft:play_time":159804,"minecraft:fly_one_cm":105927,"minecraft:crouch_one_cm":605,"minecraft:sneak_time":505,"minecraft:open_chest":15,"tombstone:undead_killed":3,"minecraft:deaths":2,"minecraft:walk_under_water_one_cm":20524,"minecraft:boat_one_cm":541716,"minecraft:jump":1599,"minecraft:walk_on_water_one_cm":74251,"minecraft:total_world_time":159804,"minecraft:horse_one_cm":390210,"minecraft:fall_one_cm":26492},"minecraft:used":{"minecraft:wheat_seeds":42,"minecraft:stone_sword":155,"minecraft:stone_pickaxe":117,"minecraft:bone_block":1,"minecraft:wooden_pickaxe":77,"minecraft:sandstone":16,"minecraft:leather_boots":1,"minecraft:jungle_boat":9,"biomesoplenty:mahogany_log":8,"minecraft:torch":20,"minecraft:dirt":26,"minecraft:sand":72,"minecraft:crafting_table":5,"minecraft:pumpkin_seeds":5,"minecraft:dark_oak_planks":1,"minecraft:wooden_hoe":263,"minecraft:bread":2,"minecraft:melon_slice":51,"minecraft:leather_helmet":1,"minecraft:barrel":2,"minecraft:stone_axe":286,"minecraft:furnace":1,"minecraft:beetroot_seeds":4,"tombstone:gift":3,"minecraft:cooked_beef":3}},"DataVersion":3465}