{"stats":{"minecraft:killed_by":{"minecraft:skeleton":1,"minecraft:drowned":1},"minecraft:dropped":{"alexsmobs:maggot":1,"minecraft:crafting_table":1,"minecraft:bone":1},"minecraft:mined":{"minecraft:dark_oak_planks":1,"minecraft:farmland":9,"minecraft:jungle_leaves":2,"biomesoplenty:black_sand":3,"minecraft:crafting_table":4,"minecraft:grass_block":9,"biomesoplenty:high_grass_plant":382,"minecraft:tall_grass":23,"minecraft:sugar_cane":6,"minecraft:sandstone":16,"minecraft:wall_torch":1,"minecraft:seagrass":1,"minecraft:tall_seagrass":2,"minecraft:jungle_wood":21,"minecraft:furnace":1,"biomesoplenty:mahogany_log":41,"minecraft:wheat":39,"minecraft:barrel":2,"biomesoplenty:pink_daffodil":32,"minecraft:pumpkin_stem":1,"minecraft:grass":507,"minecraft:beetroots":2,"biomesoplenty:high_grass":192,"biomesoplenty:mahogany_leaves":27,"minecraft:dirt":18,"minecraft:sand":110,"minecraft:small_dripleaf":1,"minecraft:stone":46,"minecraft:bone_block":11,"minecraft:fern":6},"minecraft:picked_up":{"minecraft:crafting_table":4,"minecraft:jungle_boat":3,"minecraft:cooked_beef":3,"minecraft:jungle_wood":20,"alexsmobs:bison_fur":3,"minecraft:gunpowder":19,"minecraft:string":14,"minecraft:dirt":59,"minecraft:bone":1,"minecraft:wheat_seeds":97,"biomesoplenty:black_sand":3,"minecraft:melon_slice":5,"minecraft:sugar_cane":15,"minecraft:furnace":1,"minecraft:dark_oak_sapling":4,"minecraft:stick":3,"minecraft:sandstone":16,"minecraft:torch":1,"minecraft:sand":113,"tombstone:grave_dust":2,"minecraft:redstone":7,"minecraft:barrel":2,"minecraft:dark_oak_planks":1,"minecraft:jungle_leaves":4,"minecraft:pumpkin_seeds":1,"biomesoplenty:mahogany_log":43,"minecraft:arrow":2,"minecraft:rotten_flesh":13,"minecraft:beetroot_seeds":4,"biomesoplenty:mahogany_sapling":2,"alexsmobs:maggot":1,"biomesoplenty:pink_daffodil":32,"minecraft:oak_sapling":5,"minecraft:bone_block":12,"minecraft:cobblestone":43},"minecraft:killed":{"minecraft:spider":1,"minecraft:skeleton":1,"minecraft:zombie":1,"alexsmobs:fly":1},"minecraft:crafted":{"minecraft:crafting_table":3,"minecraft:jungle_boat":1,"minecraft:wooden_pickaxe":1,"minecraft:furnace":1,"minecraft:bone_meal":99,"minecraft:stone_axe":1,"minecraft:bread":2,"minecraft:jungle_planks":52,"minecraft:wooden_hoe":1,"minecraft:charcoal":7,"minecraft:stick":32,"minecraft:stone_pickaxe":1,"minecraft:stone_sword":2,"minecraft:torch":28},"minecraft:custom":{"minecraft:interact_with_furnace":4,"minecraft:mob_kills":4,"minecraft:interact_with_crafting_table":15,"minecraft:open_barrel":11,"minecraft:leave_game":2,"minecraft:time_since_death":20758,"minecraft:climb_one_cm":242,"minecraft:time_since_rest":19513,"minecraft:sprint_one_cm":76715,"minecraft:damage_taken":1145,"minecraft:walk_one_cm":343394,"minecraft:drop":3,"minecraft:damage_dealt":1338,"minecraft:fly_one_cm":36907,"minecraft:open_chest":9,"minecraft:crouch_one_cm":283,"minecraft:play_time":101828,"tombstone:undead_killed":2,"minecraft:deaths":2,"minecraft:sneak_time":321,"minecraft:walk_under_water_one_cm":17414,"minecraft:boat_one_cm":321981,"minecraft:jump":870,"minecraft:walk_on_water_one_cm":47407,"minecraft:total_world_time":101828,"minecraft:fall_one_cm":14424},"minecraft:used":{"minecraft:wheat_seeds":42,"minecraft:stone_sword":130,"minecraft:stone_pickaxe":59,"minecraft:bone_block":1,"minecraft:wooden_pickaxe":43,"minecraft:sandstone":16,"minecraft:leather_boots":1,"minecraft:jungle_boat":3,"biomesoplenty:mahogany_log":8,"minecraft:torch":20,"minecraft:dirt":26,"minecraft:sand":71,"minecraft:crafting_table":5,"minecraft:pumpkin_seeds":5,"minecraft:dark_oak_planks":1,"minecraft:wooden_hoe":253,"minecraft:bread":2,"minecraft:melon_slice":10,"minecraft:leather_helmet":1,"minecraft:stone_axe":50,"minecraft:barrel":2,"minecraft:furnace":1,"minecraft:beetroot_seeds":4,"tombstone:gift":3,"minecraft:cooked_beef":3}},"DataVersion":3465}