{"stats":{"minecraft:killed":{"minecraft:spider":1,"minecraft:skeleton":1,"minecraft:zombie":1},"minecraft:custom":{"minecraft:interact_with_furnace":2,"minecraft:mob_kills":3,"minecraft:interact_with_crafting_table":13,"minecraft:open_barrel":10,"minecraft:leave_game":2,"minecraft:time_since_death":43160,"minecraft:climb_one_cm":242,"minecraft:time_since_rest":41988,"minecraft:sprint_one_cm":31304,"minecraft:damage_taken":899,"minecraft:walk_one_cm":186482,"minecraft:drop":1,"minecraft:damage_dealt":1253,"minecraft:fly_one_cm":14433,"minecraft:open_chest":7,"minecraft:crouch_one_cm":283,"tombstone:undead_killed":2,"minecraft:play_time":67573,"minecraft:deaths":1,"minecraft:sneak_time":303,"minecraft:walk_under_water_one_cm":12374,"minecraft:boat_one_cm":287151,"minecraft:jump":493,"minecraft:walk_on_water_one_cm":25955,"minecraft:total_world_time":67573,"minecraft:fall_one_cm":7689},"minecraft:mined":{"minecraft:dark_oak_planks":1,"minecraft:farmland":8,"minecraft:jungle_leaves":2,"biomesoplenty:black_sand":3,"minecraft:crafting_table":3,"minecraft:grass_block":3,"biomesoplenty:high_grass_plant":2,"minecraft:sugar_cane":6,"minecraft:sandstone":16,"minecraft:seagrass":1,"minecraft:tall_seagrass":2,"minecraft:jungle_wood":21,"minecraft:furnace":1,"biomesoplenty:mahogany_log":13,"minecraft:barrel":2,"biomesoplenty:pink_daffodil":1,"minecraft:grass":3,"biomesoplenty:high_grass":1,"biomesoplenty:mahogany_leaves":1,"minecraft:dirt":7,"minecraft:sand":110,"minecraft:stone":46,"minecraft:fern":4},"minecraft:picked_up":{"minecraft:crafting_table":3,"minecraft:jungle_boat":2,"minecraft:cooked_beef":3,"minecraft:jungle_wood":20,"alexsmobs:bison_fur":3,"minecraft:gunpowder":19,"minecraft:dirt":41,"minecraft:string":14,"minecraft:bone":1,"minecraft:wheat_seeds":6,"biomesoplenty:black_sand":3,"minecraft:melon_slice":5,"minecraft:sugar_cane":15,"minecraft:furnace":1,"minecraft:dark_oak_sapling":4,"minecraft:sandstone":16,"minecraft:sand":113,"tombstone:grave_dust":2,"minecraft:redstone":7,"minecraft:barrel":2,"minecraft:dark_oak_planks":1,"minecraft:jungle_leaves":4,"minecraft:pumpkin_seeds":1,"biomesoplenty:mahogany_log":15,"minecraft:arrow":2,"minecraft:rotten_flesh":13,"minecraft:beetroot_seeds":2,"biomesoplenty:pink_daffodil":1,"minecraft:oak_sapling":5,"minecraft:bone_block":1,"minecraft:cobblestone":43},"minecraft:used":{"minecraft:wheat_seeds":2,"minecraft:stone_sword":75,"minecraft:stone_pickaxe":48,"minecraft:bone_block":1,"minecraft:wooden_pickaxe":43,"minecraft:sandstone":16,"minecraft:leather_boots":1,"minecraft:jungle_boat":2,"biomesoplenty:mahogany_log":8,"minecraft:dirt":16,"minecraft:sand":71,"minecraft:crafting_table":3,"minecraft:pumpkin_seeds":4,"minecraft:dark_oak_planks":1,"minecraft:wooden_hoe":10,"minecraft:melon_slice":4,"minecraft:bread":2,"minecraft:leather_helmet":1,"minecraft:barrel":2,"minecraft:furnace":1,"minecraft:beetroot_seeds":2,"tombstone:gift":2,"minecraft:cooked_beef":3},"minecraft:dropped":{"minecraft:crafting_table":1},"minecraft:killed_by":{"minecraft:skeleton":1},"minecraft:crafted":{"minecraft:crafting_table":2,"minecraft:jungle_boat":1,"minecraft:wooden_pickaxe":1,"minecraft:furnace":1,"minecraft:bread":2,"minecraft:jungle_planks":52,"minecraft:wooden_hoe":1,"minecraft:stick":32,"minecraft:stone_pickaxe":1,"minecraft:stone_sword":1}},"DataVersion":3465}