{"stats":{"minecraft:killed_by":{"minecraft:skeleton":1,"minecraft:drowned":1},"minecraft:dropped":{"minecraft:furnace":1,"alexsmobs:maggot":1,"minecraft:crafting_table":1,"minecraft:wheat":1,"minecraft:rotten_flesh":8,"biomesoplenty:black_sand":3,"minecraft:arrow":2,"minecraft:string":1,"minecraft:bone":1},"minecraft:mined":{"minecraft:dark_oak_planks":1,"minecraft:farmland":9,"minecraft:jungle_leaves":19,"biomesoplenty:black_sand":3,"minecraft:crafting_table":4,"minecraft:grass_block":10,"minecraft:melon":67,"biomesoplenty:high_grass_plant":430,"minecraft:tall_grass":29,"biomesoplenty:sprout":6,"minecraft:red_mushroom":6,"minecraft:sugar_cane":12,"minecraft:sandstone":16,"minecraft:wall_torch":1,"minecraft:large_fern":1,"minecraft:seagrass":1,"minecraft:tall_seagrass":2,"minecraft:jungle_wood":21,"minecraft:furnace":1,"biomesoplenty:mahogany_log":58,"minecraft:wheat":39,"minecraft:barrel":2,"biomesoplenty:pink_daffodil":34,"minecraft:pumpkin_stem":1,"minecraft:cocoa":19,"minecraft:coal_ore":21,"minecraft:vine":3,"minecraft:grass":582,"minecraft:beetroots":2,"biomesoplenty:high_grass":220,"biomesoplenty:mahogany_leaves":28,"minecraft:dirt":18,"minecraft:sand":110,"minecraft:small_dripleaf":1,"minecraft:stone":56,"minecraft:bone_block":11,"minecraft:oak_leaves":3,"minecraft:fern":79},"minecraft:picked_up":{"minecraft:cocoa_beans":57,"minecraft:crafting_table":4,"minecraft:jungle_boat":6,"minecraft:cooked_beef":3,"minecraft:leather":8,"minecraft:jungle_wood":20,"minecraft:red_mushroom":6,"alexsmobs:bison_fur":3,"minecraft:gunpowder":19,"minecraft:string":14,"minecraft:dirt":60,"minecraft:bone":1,"minecraft:wheat_seeds":109,"biomesoplenty:black_sand":3,"alexsmobs:banana":1,"minecraft:beef":13,"minecraft:melon_slice":302,"minecraft:sugar_cane":30,"minecraft:furnace":1,"minecraft:dark_oak_sapling":4,"minecraft:stick":3,"minecraft:sandstone":16,"minecraft:torch":1,"minecraft:sand":113,"tombstone:grave_dust":2,"minecraft:redstone":7,"minecraft:barrel":2,"minecraft:dark_oak_planks":1,"minecraft:jungle_leaves":4,"minecraft:pumpkin_seeds":1,"biomesoplenty:mahogany_log":60,"minecraft:arrow":4,"minecraft:rotten_flesh":13,"minecraft:beetroot_seeds":4,"biomesoplenty:mahogany_sapling":2,"alexsmobs:maggot":1,"biomesoplenty:pink_daffodil":34,"minecraft:oak_sapling":5,"minecraft:coal":20,"minecraft:bone_block":12,"minecraft:cobblestone":53},"minecraft:broken":{"minecraft:stone_axe":1,"minecraft:stone_sword":1,"minecraft:wooden_hoe":1,"minecraft:wooden_pickaxe":1},"minecraft:killed":{"minecraft:spider":1,"minecraft:skeleton":1,"minecraft:zombie":1,"alexsmobs:fly":1,"minecraft:cow":7},"minecraft:crafted":{"minecraft:crafting_table":3,"minecraft:jungle_boat":1,"minecraft:wooden_pickaxe":1,"minecraft:furnace":1,"minecraft:bone_meal":99,"minecraft:stone_axe":1,"minecraft:bread":2,"minecraft:jungle_planks":80,"minecraft:wooden_hoe":1,"minecraft:charcoal":7,"minecraft:stick":32,"minecraft:stone_pickaxe":1,"minecraft:stone_sword":2,"minecraft:torch":28},"minecraft:custom":{"minecraft:interact_with_furnace":4,"minecraft:mob_kills":11,"minecraft:interact_with_crafting_table":15,"minecraft:open_barrel":11,"minecraft:leave_game":2,"minecraft:time_since_death":44758,"minecraft:sleep_in_bed":1,"minecraft:climb_one_cm":797,"minecraft:time_since_rest":3320,"minecraft:sprint_one_cm":121501,"minecraft:damage_taken":1303,"minecraft:walk_one_cm":434237,"minecraft:drop":11,"minecraft:damage_dealt":2003,"minecraft:fly_one_cm":49569,"minecraft:open_chest":10,"minecraft:crouch_one_cm":397,"minecraft:play_time":125828,"tombstone:undead_killed":2,"minecraft:deaths":2,"minecraft:sneak_time":417,"minecraft:walk_under_water_one_cm":19279,"minecraft:boat_one_cm":460041,"minecraft:jump":1084,"minecraft:walk_on_water_one_cm":54802,"minecraft:total_world_time":125828,"minecraft:fall_one_cm":17133},"minecraft:used":{"minecraft:wheat_seeds":42,"minecraft:stone_sword":155,"minecraft:stone_pickaxe":89,"minecraft:bone_block":1,"minecraft:wooden_pickaxe":77,"minecraft:sandstone":16,"minecraft:leather_boots":1,"minecraft:jungle_boat":6,"biomesoplenty:mahogany_log":8,"minecraft:torch":20,"minecraft:dirt":26,"minecraft:sand":71,"minecraft:crafting_table":5,"minecraft:pumpkin_seeds":5,"minecraft:dark_oak_planks":1,"minecraft:wooden_hoe":263,"minecraft:bread":2,"minecraft:melon_slice":22,"minecraft:leather_helmet":1,"minecraft:stone_axe":286,"minecraft:barrel":2,"minecraft:furnace":1,"minecraft:beetroot_seeds":4,"tombstone:gift":3,"minecraft:cooked_beef":3}},"DataVersion":3465}