{"stats":{"minecraft:killed":{"alexsmobs:terrapin":1},"minecraft:custom":{"minecraft:time_since_rest":7505,"minecraft:sprint_one_cm":31526,"minecraft:damage_taken":1184,"minecraft:walk_one_cm":356197,"minecraft:mob_kills":1,"minecraft:drop":1,"minecraft:damage_dealt":396,"minecraft:swim_one_cm":1999,"minecraft:interact_with_crafting_table":4,"minecraft:fly_one_cm":9412,"minecraft:open_barrel":5,"minecraft:open_chest":2,"minecraft:play_time":70631,"minecraft:crouch_one_cm":432,"minecraft:deaths":4,"minecraft:sneak_time":175,"minecraft:walk_under_water_one_cm":26213,"minecraft:jump":825,"minecraft:leave_game":2,"minecraft:time_since_death":8193,"minecraft:walk_on_water_one_cm":21467,"minecraft:total_world_time":70631,"minecraft:climb_one_cm":232,"minecraft:fall_one_cm":16172},"minecraft:mined":{"minecraft:large_fern":4,"minecraft:coarse_dirt":2,"minecraft:dark_oak_leaves":1,"biomesoplenty:mahogany_log":43,"minecraft:jungle_leaves":8,"biomesoplenty:black_sand":4,"minecraft:coal_ore":15,"minecraft:crafting_table":2,"minecraft:cocoa":1,"minecraft:grass":118,"minecraft:grass_block":10,"biomesoplenty:high_grass":8,"minecraft:melon":16,"biomesoplenty:mahogany_planks":12,"minecraft:vine":1,"minecraft:jungle_log":9,"minecraft:gravel":2,"minecraft:dirt":1,"biomesoplenty:high_grass_plant":5,"minecraft:tall_grass":8,"minecraft:stone":24,"minecraft:fern":44},"minecraft:picked_up":{"minecraft:cocoa_beans":3,"minecraft:stick":1,"minecraft:coarse_dirt":2,"minecraft:crafting_table":3,"minecraft:jungle_log":9,"minecraft:jungle_wood":1,"minecraft:gravel":2,"minecraft:dirt":11,"minecraft:stone_sword":1,"biomesoplenty:mahogany_log":43,"biomesoplenty:black_sand":1,"minecraft:wheat_seeds":22,"minecraft:melon_slice":80,"minecraft:coal":15,"biomesoplenty:mahogany_planks":12,"minecraft:cobblestone":24},"minecraft:used":{"biomesoplenty:mahogany_planks":87,"minecraft:wooden_axe":60,"minecraft:stone_sword":22,"minecraft:melon_slice":7,"minecraft:stone_pickaxe":29,"minecraft:wooden_pickaxe":26,"minecraft:iron_sword":9,"minecraft:torch":2,"minecraft:wooden_shovel":171,"minecraft:stone_axe":20,"minecraft:dirt":7,"minecraft:crafting_table":3,"alexsmobs:animal_dictionary":2,"minecraft:coarse_dirt":2},"minecraft:broken":{"minecraft:wooden_axe":1},"minecraft:dropped":{"minecraft:stone_sword":1},"minecraft:killed_by":{"minecraft:skeleton":2},"minecraft:crafted":{"minecraft:wooden_shovel":1,"minecraft:crafting_table":2,"minecraft:stick":20,"biomesoplenty:mahogany_planks":172,"minecraft:wooden_pickaxe":1,"minecraft:stone_pickaxe":2,"minecraft:wooden_axe":1,"minecraft:stone_sword":1,"minecraft:torch":24,"minecraft:stone_axe":1,"minecraft:jungle_planks":24}},"DataVersion":3465}