{"stats":{"minecraft:killed_by":{"minecraft:skeleton":1},"minecraft:dropped":{"minecraft:wooden_sword":1},"minecraft:mined":{"minecraft:grass":6,"minecraft:grass_block":2,"minecraft:oak_log":4,"biomesoplenty:high_grass":2,"minecraft:dirt":6,"biomesoplenty:high_grass_plant":8,"minecraft:tall_grass":2,"minecraft:copper_ore":2,"minecraft:stone":22,"minecraft:oak_leaves":6,"minecraft:fern":10},"minecraft:picked_up":{"minecraft:oak_log":4,"minecraft:dirt":8,"minecraft:raw_copper":9,"minecraft:wooden_sword":1,"minecraft:wheat_seeds":3,"alexsmobs:maggot":1,"minecraft:cobblestone":21},"minecraft:killed":{"alexsmobs:lobster":1},"minecraft:crafted":{"minecraft:wooden_sword":2,"minecraft:oak_planks":16,"minecraft:wooden_shovel":1,"minecraft:stick":16,"minecraft:wooden_pickaxe":1,"minecraft:stone_pickaxe":2,"minecraft:stone_sword":1},"minecraft:used":{"alexsmobs:maggot":1,"minecraft:stone_sword":2,"minecraft:stone_pickaxe":8,"minecraft:wooden_pickaxe":16,"minecraft:wooden_shovel":8,"minecraft:cobblestone":1,"alexsmobs:animal_dictionary":3},"minecraft:custom":{"minecraft:time_since_rest":9831,"minecraft:sprint_one_cm":83,"minecraft:damage_taken":510,"minecraft:walk_one_cm":63200,"minecraft:mob_kills":1,"minecraft:drop":1,"minecraft:damage_dealt":190,"minecraft:interact_with_crafting_table":2,"minecraft:fly_one_cm":1730,"minecraft:open_chest":1,"minecraft:play_time":13839,"minecraft:deaths":1,"minecraft:sneak_time":51,"minecraft:walk_under_water_one_cm":11580,"minecraft:jump":146,"minecraft:walk_on_water_one_cm":5124,"minecraft:time_since_death":10524,"minecraft:total_world_time":13839,"minecraft:fall_one_cm":2843}},"DataVersion":3465}