{"stats":{"minecraft:killed_by":{"minecraft:skeleton":1},"minecraft:dropped":{"minecraft:sugar_cane":4,"minecraft:wheat_seeds":14,"minecraft:stone_sword":2,"minecraft:carrot":3,"minecraft:stick":5,"minecraft:wooden_sword":1,"minecraft:dandelion":7},"minecraft:mined":{"minecraft:spruce_planks":2,"minecraft:red_bed":1,"minecraft:candle":1,"minecraft:dandelion":7,"minecraft:cornflower":5,"minecraft:note_block":7,"biomesoplenty:bush":2,"minecraft:grass_block":13,"minecraft:poppy":2,"minecraft:lectern":1,"biomesoplenty:high_grass_plant":11,"minecraft:tall_grass":15,"minecraft:copper_ore":2,"minecraft:sugar_cane":1,"minecraft:oak_planks":2,"minecraft:oxeye_daisy":2,"minecraft:wall_torch":1,"minecraft:hay_block":43,"biomesoplenty:tall_lavender":4,"minecraft:dark_oak_slab":1,"minecraft:carrots":71,"biomesoplenty:lavender":125,"minecraft:pumpkin":7,"minecraft:yellow_bed":1,"minecraft:azure_bluet":1,"minecraft:grass":103,"minecraft:bookshelf":12,"minecraft:oak_log":4,"biomesoplenty:high_grass":7,"minecraft:lantern":1,"minecraft:dirt":12,"minecraft:sand":50,"minecraft:stone":22,"minecraft:oak_leaves":8,"minecraft:fern":11},"minecraft:picked_up":{"biomesoplenty:lavender":115,"minecraft:azure_bluet":1,"minecraft:oak_log":4,"minecraft:yellow_bed":1,"minecraft:lantern":1,"minecraft:cornflower":5,"minecraft:dirt":25,"minecraft:red_bed":1,"minecraft:raw_copper":9,"minecraft:wooden_sword":1,"biomesoplenty:tall_lavender":3,"minecraft:wheat_seeds":14,"minecraft:candle":3,"minecraft:poppy":2,"minecraft:lectern":1,"minecraft:sugar_cane":4,"minecraft:book":36,"minecraft:dark_oak_slab":1,"minecraft:pumpkin":7,"minecraft:torch":1,"minecraft:dandelion":6,"minecraft:note_block":7,"minecraft:porkchop":5,"minecraft:sand":49,"minecraft:carrot":266,"minecraft:stone_sword":2,"minecraft:hay_block":43,"alexsmobs:maggot":1,"minecraft:cobblestone":21,"minecraft:oxeye_daisy":2},"minecraft:broken":{"minecraft:wooden_shovel":1},"minecraft:killed":{"alexsmobs:lobster":3,"minecraft:pig":2,"alexsmobs:terrapin":1},"minecraft:crafted":{"minecraft:wooden_sword":2,"minecraft:oak_planks":16,"minecraft:wooden_shovel":1,"minecraft:wooden_pickaxe":1,"minecraft:stick":16,"minecraft:stone_pickaxe":2,"minecraft:stone_sword":1},"minecraft:used":{"minecraft:stone_sword":224,"minecraft:stone_pickaxe":17,"minecraft:wooden_pickaxe":16,"minecraft:wooden_shovel":59,"minecraft:dirt":4,"minecraft:sand":25,"minecraft:carrot":135,"alexsmobs:maggot":1,"minecraft:wooden_sword":11,"minecraft:cobblestone":1,"tombstone:gift":1,"alexsmobs:animal_dictionary":3},"minecraft:custom":{"minecraft:interact_with_furnace":1,"minecraft:mob_kills":6,"minecraft:interact_with_crafting_table":3,"minecraft:tune_noteblock":6,"minecraft:time_since_death":57250,"minecraft:sleep_in_bed":4,"minecraft:climb_one_cm":13119,"minecraft:time_since_rest":740,"minecraft:sprint_one_cm":284338,"minecraft:damage_taken":940,"minecraft:walk_one_cm":276697,"minecraft:drop":23,"minecraft:damage_dealt":590,"minecraft:play_noteblock":8,"minecraft:swim_one_cm":24351,"minecraft:talked_to_villager":1,"minecraft:fly_one_cm":97451,"minecraft:open_chest":12,"minecraft:play_time":71400,"minecraft:crouch_one_cm":239,"minecraft:deaths":2,"minecraft:sneak_time":555,"minecraft:walk_under_water_one_cm":32475,"minecraft:boat_one_cm":82215,"minecraft:interact_with_brewingstand":1,"minecraft:jump":960,"minecraft:walk_on_water_one_cm":23184,"minecraft:total_world_time":71400,"minecraft:fall_one_cm":22716}},"DataVersion":3465}