{"stats":{"minecraft:killed_by":{"minecraft:skeleton":1},"minecraft:dropped":{"minecraft:stone_sword":1,"minecraft:carrot":3,"minecraft:wooden_sword":1},"minecraft:mined":{"minecraft:red_bed":1,"minecraft:candle":1,"minecraft:dandelion":7,"minecraft:cornflower":5,"minecraft:grass_block":5,"minecraft:poppy":2,"biomesoplenty:high_grass_plant":11,"minecraft:copper_ore":2,"minecraft:tall_grass":15,"minecraft:sugar_cane":1,"minecraft:oxeye_daisy":2,"minecraft:wall_torch":1,"biomesoplenty:tall_lavender":4,"minecraft:carrots":71,"biomesoplenty:lavender":125,"minecraft:pumpkin":7,"minecraft:yellow_bed":1,"minecraft:azure_bluet":1,"minecraft:grass":96,"minecraft:oak_log":4,"biomesoplenty:high_grass":7,"minecraft:lantern":1,"minecraft:dirt":6,"minecraft:stone":22,"minecraft:oak_leaves":8,"minecraft:fern":11},"minecraft:picked_up":{"biomesoplenty:lavender":115,"minecraft:azure_bluet":1,"minecraft:oak_log":4,"minecraft:yellow_bed":1,"minecraft:cornflower":5,"minecraft:dirt":11,"minecraft:red_bed":1,"minecraft:lantern":1,"minecraft:raw_copper":9,"minecraft:wooden_sword":1,"biomesoplenty:tall_lavender":3,"minecraft:wheat_seeds":14,"minecraft:candle":3,"minecraft:poppy":2,"minecraft:sugar_cane":4,"minecraft:pumpkin":7,"minecraft:torch":1,"minecraft:dandelion":6,"minecraft:porkchop":5,"minecraft:carrot":266,"minecraft:stone_sword":1,"alexsmobs:maggot":1,"minecraft:cobblestone":21,"minecraft:oxeye_daisy":2},"minecraft:killed":{"alexsmobs:lobster":3,"minecraft:pig":2,"alexsmobs:terrapin":1},"minecraft:crafted":{"minecraft:wooden_sword":2,"minecraft:oak_planks":16,"minecraft:wooden_shovel":1,"minecraft:wooden_pickaxe":1,"minecraft:stick":16,"minecraft:stone_pickaxe":2,"minecraft:stone_sword":1},"minecraft:custom":{"minecraft:mob_kills":6,"minecraft:interact_with_crafting_table":2,"minecraft:time_since_death":23689,"minecraft:sleep_in_bed":2,"minecraft:climb_one_cm":8113,"minecraft:time_since_rest":5600,"minecraft:sprint_one_cm":116171,"minecraft:damage_taken":780,"minecraft:walk_one_cm":172521,"minecraft:drop":5,"minecraft:damage_dealt":590,"minecraft:swim_one_cm":12451,"minecraft:talked_to_villager":1,"minecraft:fly_one_cm":29812,"minecraft:open_chest":5,"minecraft:crouch_one_cm":171,"minecraft:deaths":2,"minecraft:play_time":37839,"minecraft:sneak_time":353,"minecraft:walk_under_water_one_cm":29920,"minecraft:boat_one_cm":82215,"minecraft:jump":503,"minecraft:walk_on_water_one_cm":14334,"minecraft:total_world_time":37839,"minecraft:fall_one_cm":11152},"minecraft:used":{"minecraft:stone_sword":223,"minecraft:stone_pickaxe":10,"minecraft:wooden_pickaxe":16,"minecraft:wooden_shovel":8,"minecraft:carrot":107,"alexsmobs:maggot":1,"minecraft:wooden_sword":11,"minecraft:cobblestone":1,"tombstone:gift":1,"alexsmobs:animal_dictionary":3}},"DataVersion":3465}