{"stats":{"minecraft:killed_by":{"minecraft:skeleton":1},"minecraft:dropped":{"minecraft:stone_sword":1,"minecraft:wooden_sword":1},"minecraft:mined":{"minecraft:carrots":71,"minecraft:yellow_bed":1,"minecraft:grass":11,"minecraft:grass_block":2,"minecraft:oak_log":4,"biomesoplenty:high_grass":7,"minecraft:dirt":6,"biomesoplenty:high_grass_plant":11,"minecraft:tall_grass":3,"minecraft:copper_ore":2,"minecraft:stone":22,"minecraft:oak_leaves":8,"minecraft:wall_torch":1,"minecraft:fern":11},"minecraft:picked_up":{"minecraft:torch":1,"minecraft:oak_log":4,"minecraft:yellow_bed":1,"minecraft:carrot":259,"minecraft:dirt":8,"minecraft:raw_copper":9,"minecraft:wooden_sword":1,"minecraft:stone_sword":1,"minecraft:wheat_seeds":4,"alexsmobs:maggot":1,"minecraft:cobblestone":21},"minecraft:killed":{"alexsmobs:lobster":3,"alexsmobs:terrapin":1},"minecraft:crafted":{"minecraft:wooden_sword":2,"minecraft:oak_planks":16,"minecraft:wooden_shovel":1,"minecraft:stick":16,"minecraft:wooden_pickaxe":1,"minecraft:stone_pickaxe":2,"minecraft:stone_sword":1},"minecraft:used":{"alexsmobs:maggot":1,"minecraft:stone_sword":67,"minecraft:stone_pickaxe":8,"minecraft:wooden_pickaxe":16,"minecraft:wooden_shovel":8,"minecraft:wooden_sword":1,"minecraft:cobblestone":1,"tombstone:gift":1,"alexsmobs:animal_dictionary":3},"minecraft:custom":{"minecraft:time_since_rest":6280,"minecraft:sprint_one_cm":30825,"minecraft:damage_taken":710,"minecraft:walk_one_cm":123843,"minecraft:mob_kills":4,"minecraft:drop":2,"minecraft:damage_dealt":389,"minecraft:swim_one_cm":4489,"minecraft:interact_with_crafting_table":2,"minecraft:fly_one_cm":7414,"minecraft:open_chest":2,"minecraft:crouch_one_cm":171,"minecraft:play_time":25839,"minecraft:deaths":2,"minecraft:sneak_time":353,"minecraft:walk_under_water_one_cm":27199,"minecraft:boat_one_cm":82215,"minecraft:jump":317,"minecraft:walk_on_water_one_cm":10836,"minecraft:time_since_death":11689,"minecraft:sleep_in_bed":1,"minecraft:climb_one_cm":8113,"minecraft:total_world_time":25839,"minecraft:fall_one_cm":5430}},"DataVersion":3465}