{"stats":{"minecraft:killed_by":{"minecraft:skeleton":1},"minecraft:dropped":{"minecraft:stone_sword":1,"minecraft:carrot":3,"minecraft:stick":5,"minecraft:wooden_sword":1,"minecraft:dandelion":7},"minecraft:mined":{"minecraft:red_bed":1,"minecraft:candle":1,"minecraft:dandelion":7,"minecraft:cornflower":5,"minecraft:grass_block":13,"minecraft:poppy":2,"minecraft:lectern":1,"biomesoplenty:high_grass_plant":11,"minecraft:copper_ore":2,"minecraft:tall_grass":15,"minecraft:sugar_cane":1,"minecraft:oxeye_daisy":2,"minecraft:wall_torch":1,"minecraft:hay_block":25,"biomesoplenty:tall_lavender":4,"minecraft:dark_oak_slab":1,"minecraft:carrots":71,"biomesoplenty:lavender":125,"minecraft:pumpkin":7,"minecraft:yellow_bed":1,"minecraft:azure_bluet":1,"minecraft:grass":97,"minecraft:oak_log":4,"biomesoplenty:high_grass":7,"minecraft:lantern":1,"minecraft:sand":49,"minecraft:dirt":10,"minecraft:stone":22,"minecraft:oak_leaves":8,"minecraft:fern":11},"minecraft:picked_up":{"biomesoplenty:lavender":115,"minecraft:azure_bluet":1,"minecraft:oak_log":4,"minecraft:yellow_bed":1,"minecraft:cornflower":5,"minecraft:dirt":23,"minecraft:red_bed":1,"minecraft:lantern":1,"minecraft:raw_copper":9,"minecraft:wooden_sword":1,"biomesoplenty:tall_lavender":3,"minecraft:wheat_seeds":14,"minecraft:candle":3,"minecraft:poppy":2,"minecraft:lectern":1,"minecraft:sugar_cane":4,"minecraft:dark_oak_slab":1,"minecraft:pumpkin":7,"minecraft:torch":1,"minecraft:dandelion":6,"minecraft:porkchop":5,"minecraft:sand":49,"minecraft:carrot":266,"minecraft:stone_sword":1,"minecraft:hay_block":25,"alexsmobs:maggot":1,"minecraft:cobblestone":21,"minecraft:oxeye_daisy":2},"minecraft:broken":{"minecraft:wooden_shovel":1},"minecraft:killed":{"alexsmobs:lobster":3,"minecraft:pig":2,"alexsmobs:terrapin":1},"minecraft:crafted":{"minecraft:wooden_sword":2,"minecraft:oak_planks":16,"minecraft:wooden_shovel":1,"minecraft:wooden_pickaxe":1,"minecraft:stick":16,"minecraft:stone_pickaxe":2,"minecraft:stone_sword":1},"minecraft:custom":{"minecraft:mob_kills":6,"minecraft:interact_with_crafting_table":2,"minecraft:time_since_death":35689,"minecraft:sleep_in_bed":2,"minecraft:climb_one_cm":10001,"minecraft:time_since_rest":17600,"minecraft:sprint_one_cm":177452,"minecraft:damage_taken":890,"minecraft:walk_one_cm":205132,"minecraft:drop":7,"minecraft:damage_dealt":590,"minecraft:swim_one_cm":24351,"minecraft:talked_to_villager":1,"minecraft:fly_one_cm":54628,"minecraft:open_chest":8,"minecraft:crouch_one_cm":239,"minecraft:deaths":2,"minecraft:play_time":49839,"minecraft:sneak_time":546,"minecraft:walk_under_water_one_cm":32267,"minecraft:boat_one_cm":82215,"minecraft:interact_with_brewingstand":1,"minecraft:jump":676,"minecraft:walk_on_water_one_cm":16515,"minecraft:total_world_time":49839,"minecraft:fall_one_cm":15408},"minecraft:used":{"minecraft:stone_sword":223,"minecraft:stone_pickaxe":10,"minecraft:wooden_pickaxe":16,"minecraft:wooden_shovel":59,"minecraft:sand":9,"minecraft:carrot":122,"alexsmobs:maggot":1,"minecraft:wooden_sword":11,"minecraft:cobblestone":1,"tombstone:gift":1,"alexsmobs:animal_dictionary":3}},"DataVersion":3465}