{"stats":{"minecraft:killed_by":{"minecraft:husk":2,"minecraft:spider":1,"minecraft:zombie":1},"minecraft:dropped":{"minecraft:bread":31,"minecraft:wheat_seeds":30,"minecraft:tropical_fish":12,"tombstone:magic_scroll":1,"minecraft:wooden_axe":3,"minecraft:melon_slice":51,"minecraft:bone_meal":1,"minecraft:iron_axe":2,"minecraft:beetroot_soup":1,"minecraft:stone_axe":4,"minecraft:kelp":6,"minecraft:sugar_cane":50,"alexsmobs:animal_dictionary":3,"minecraft:wheat":30,"minecraft:stone_shovel":6,"minecraft:rotten_flesh":3,"minecraft:carrot":1,"minecraft:leather_chestplate":3,"minecraft:potato":8,"minecraft:leather_leggings":1,"minecraft:bow":1,"minecraft:wooden_pickaxe":1,"minecraft:black_wool":1},"minecraft:mined":{"minecraft:dark_oak_planks":1,"minecraft:spruce_planks":19,"minecraft:white_bed":25,"minecraft:farmland":114,"minecraft:mossy_cobblestone":3,"minecraft:cobblestone_stairs":3,"minecraft:jungle_leaves":195,"minecraft:potted_flowering_azalea_bush":2,"minecraft:purple_candle":5,"minecraft:ladder":8,"minecraft:stripped_crimson_hyphae":2,"minecraft:grass_block":456,"minecraft:jungle_log":15,"minecraft:kelp":1,"minecraft:composter":2,"minecraft:oxeye_daisy":3,"minecraft:large_fern":1,"minecraft:tall_seagrass":1,"minecraft:carrots":27,"minecraft:cobbled_deepslate":5,"minecraft:barrel":1,"minecraft:stripped_spruce_log":3,"minecraft:peony":1,"minecraft:azure_bluet":2,"minecraft:vine":18,"minecraft:potatoes":16,"minecraft:bookshelf":1,"biomesoplenty:high_grass":18,"minecraft:dirt_path":86,"minecraft:oak_stairs":14,"minecraft:potted_cornflower":1,"minecraft:stripped_mangrove_wood":2,"minecraft:stone":158,"minecraft:bone_block":9,"minecraft:player_head":6,"minecraft:spruce_slab":12,"minecraft:oak_slab":4,"minecraft:kelp_plant":3,"minecraft:dandelion":25,"minecraft:oak_fence":36,"minecraft:cornflower":2,"minecraft:crafting_table":2,"minecraft:torch":2,"minecraft:note_block":1,"minecraft:poppy":3,"minecraft:melon":13,"biomesoplenty:mahogany_planks":1,"minecraft:chest":2,"minecraft:rose_bush":1,"biomesoplenty:high_grass_plant":17,"minecraft:tall_grass":21,"minecraft:cobblestone":87,"biomesoplenty:sprout":3,"minecraft:oak_planks":17,"minecraft:sugar_cane":35,"minecraft:seagrass":1,"minecraft:coarse_dirt":29,"biomesoplenty:mahogany_log":28,"minecraft:wheat":201,"minecraft:grass":311,"minecraft:oak_log":129,"minecraft:coal_ore":1,"minecraft:cocoa":1,"minecraft:cyan_carpet":1,"minecraft:gravel":31,"minecraft:sand":126,"minecraft:dirt":479,"minecraft:oak_leaves":42,"minecraft:cyan_candle":4,"minecraft:fern":49},"minecraft:picked_up":{"minecraft:wooden_axe":2,"minecraft:coarse_dirt":28,"minecraft:cocoa_beans":3,"minecraft:crafting_table":3,"minecraft:wheat":124,"minecraft:azure_bluet":3,"minecraft:chicken":1,"minecraft:ladder":10,"minecraft:flower_pot":3,"minecraft:turtle_helmet":1,"minecraft:leather_leggings":1,"minecraft:oak_stairs":13,"minecraft:diamond_horse_armor":1,"minecraft:shield":1,"minecraft:cornflower":2,"minecraft:string":4,"minecraft:iron_axe":4,"minecraft:beetroot_soup":1,"minecraft:beetroot":1,"minecraft:diamond_leggings":1,"alexsmobs:banana":3,"minecraft:cobbled_deepslate":6,"minecraft:spruce_planks":195,"minecraft:oak_boat":2,"minecraft:rose_bush":1,"minecraft:jungle_sapling":5,"minecraft:player_head":6,"minecraft:spruce_slab":12,"minecraft:poppy":3,"minecraft:iron_pickaxe":1,"minecraft:melon_slice":89,"minecraft:sugar_cane":52,"minecraft:chest":2,"minecraft:egg":5,"minecraft:stripped_crimson_hyphae":2,"minecraft:stick":22,"minecraft:raw_iron":2,"minecraft:oak_door":1,"minecraft:composter":2,"minecraft:oak_fence":38,"minecraft:torch":33,"minecraft:note_block":1,"tombstone:grave_dust":1,"minecraft:carrot":109,"minecraft:waxed_cut_copper_stairs":2,"minecraft:purple_candle":9,"minecraft:stone_shovel":7,"minecraft:arrow":35,"minecraft:honey_bottle":1,"minecraft:rotten_flesh":10,"minecraft:diamond_chestplate":1,"minecraft:tropical_fish":6,"minecraft:pumpkin_pie":1,"minecraft:diamond_boots":1,"minecraft:hay_block":1,"minecraft:mutton":7,"minecraft:wet_sponge":1,"minecraft:white_wool":16,"minecraft:cod":4,"minecraft:bone_block":8,"alexsmobs:lobster_tail":1,"minecraft:cobblestone":238,"minecraft:oxeye_daisy":4,"minecraft:leather_chestplate":3,"minecraft:feather":2,"minecraft:cooked_beef":1,"minecraft:jungle_log":14,"minecraft:potato":78,"minecraft:flint":5,"minecraft:oak_log":128,"biomesoplenty:mahogany_boat":1,"minecraft:cobblestone_stairs":3,"minecraft:dirt":1160,"tombstone:gift":2,"minecraft:bone":11,"minecraft:apple":1,"minecraft:kelp":10,"minecraft:bow":1,"minecraft:wheat_seeds":480,"minecraft:stone_pickaxe":1,"minecraft:cobweb":1,"minecraft:cyan_candle":12,"minecraft:diamond_helmet":1,"minecraft:glass_bottle":1,"minecraft:flowering_azalea":2,"minecraft:oak_planks":16,"biomesoplenty:mahogany_planks":8,"minecraft:book":12,"biomesoplenty:toadstool":1,"minecraft:oak_slab":5,"minecraft:dandelion":33,"minecraft:gravel":36,"minecraft:sand":117,"minecraft:stripped_spruce_log":3,"minecraft:ink_sac":3,"minecraft:white_bed":25,"minecraft:jungle_leaves":8,"minecraft:spider_eye":1,"minecraft:barrel":2,"alexsmobs:animal_dictionary":3,"minecraft:mossy_cobblestone":3,"biomesoplenty:mahogany_log":27,"minecraft:stone_axe":4,"minecraft:grass":1,"minecraft:bone_meal":14,"minecraft:gray_wool":2,"minecraft:spruce_sign":1,"minecraft:emerald":2,"minecraft:bread":32,"minecraft:oak_leaves":2,"tombstone:magic_scroll":2,"minecraft:oak_sapling":2,"minecraft:black_wool":1,"minecraft:lead":10,"minecraft:coal":1},"minecraft:broken":{"minecraft:wooden_shovel":2,"minecraft:stone_pickaxe":1,"minecraft:stone_axe":1,"minecraft:wooden_hoe":1,"minecraft:stone_shovel":5},"minecraft:killed":{"alexsmobs:lobster":3,"minecraft:spider":2,"minecraft:vindicator":2,"minecraft:skeleton":14,"minecraft:husk":1,"minecraft:sheep":6,"minecraft:pillager":5,"minecraft:zombie":5},"minecraft:crafted":{"minecraft:oak_planks":312,"minecraft:stone_shovel":5,"biomesoplenty:mahogany_planks":80,"minecraft:cooked_chicken":1,"minecraft:furnace":1,"minecraft:stone":2,"minecraft:bone_meal":24,"minecraft:cooked_mutton":10,"minecraft:flint_and_steel":1,"minecraft:bow":1,"minecraft:ladder":12,"minecraft:spruce_slab":18,"minecraft:stone_pickaxe":2,"minecraft:stone_hoe":3,"minecraft:oak_fence":24,"minecraft:oak_slab":81,"minecraft:wooden_shovel":2,"minecraft:spruce_sign":3,"minecraft:cooked_porkchop":3,"minecraft:crafting_table":3,"minecraft:wooden_pickaxe":1,"minecraft:stone_axe":3,"minecraft:bread":1,"minecraft:wooden_hoe":1,"minecraft:stick":120,"minecraft:iron_pickaxe":2,"minecraft:iron_ingot":3,"minecraft:wooden_axe":1,"biomesoplenty:mahogany_boat":1,"minecraft:iron_shovel":1,"minecraft:white_bed":9,"minecraft:shears":2},"minecraft:used":{"minecraft:oak_fence":58,"biomesoplenty:mahogany_planks":63,"minecraft:flint_and_steel":2,"minecraft:spruce_slab":25,"minecraft:stone_shovel":820,"minecraft:ladder":19,"minecraft:bone_block":8,"minecraft:chest":6,"minecraft:spruce_planks":50,"minecraft:shield":2,"minecraft:stone":2,"minecraft:wooden_shovel":151,"minecraft:stone_hoe":207,"minecraft:cooked_chicken":1,"minecraft:torch":47,"minecraft:dirt":927,"minecraft:carrot":106,"minecraft:stripped_spruce_log":2,"minecraft:wooden_axe":12,"minecraft:iron_axe":302,"minecraft:oak_stairs":37,"minecraft:jungle_log":1,"minecraft:rabbit_stew":1,"minecraft:bow":23,"minecraft:furnace":1,"tombstone:gift":7,"minecraft:egg":4,"minecraft:potato":36,"minecraft:wheat_seeds":415,"minecraft:cooked_mutton":6,"minecraft:water_bucket":7,"minecraft:cyan_candle":3,"minecraft:lead":2,"minecraft:oak_planks":1,"minecraft:stone_pickaxe":187,"minecraft:wooden_pickaxe":18,"minecraft:composter":2,"minecraft:spruce_sign":1,"biomesoplenty:mahogany_log":7,"minecraft:sand":114,"minecraft:oak_slab":8,"minecraft:crafting_table":5,"minecraft:white_bed":33,"minecraft:shears":16,"minecraft:spruce_log":3,"minecraft:oak_log":50,"minecraft:wooden_hoe":71,"tombstone:tablet_of_assistance":5,"minecraft:bread":2,"minecraft:melon_slice":21,"minecraft:iron_pickaxe":196,"minecraft:gravel":38,"biomesoplenty:mahogany_boat":2,"minecraft:stone_axe":358,"minecraft:cobblestone":162,"minecraft:cooked_porkchop":2,"minecraft:bucket":7,"minecraft:pumpkin_pie":1,"minecraft:oak_boat":1,"alexsmobs:animal_dictionary":12,"minecraft:jungle_leaves":8,"minecraft:coarse_dirt":26,"minecraft:bone_meal":31,"minecraft:iron_shovel":105,"minecraft:purple_candle":8},"minecraft:custom":{"minecraft:interact_with_smithing_table":1,"minecraft:mob_kills":39,"minecraft:animals_bred":1,"minecraft:interact_with_crafting_table":88,"minecraft:open_barrel":17,"minecraft:eat_cake_slice":12,"minecraft:leave_game":3,"minecraft:time_since_death":521773,"minecraft:climb_one_cm":24586,"minecraft:sprint_one_cm":555213,"minecraft:walk_one_cm":2090607,"minecraft:damage_blocked_by_shield":40,"minecraft:drop":116,"minecraft:play_noteblock":2,"minecraft:talked_to_villager":3,"minecraft:play_time":617770,"minecraft:sneak_time":424,"minecraft:deaths":4,"minecraft:walk_under_water_one_cm":69870,"minecraft:boat_one_cm":591200,"minecraft:jump":6927,"minecraft:walk_on_water_one_cm":98094,"minecraft:total_world_time":617770,"minecraft:interact_with_furnace":44,"tombstone:raider_killed":7,"minecraft:interact_with_loom":1,"minecraft:sleep_in_bed":23,"minecraft:time_since_rest":28680,"minecraft:damage_taken":2490,"minecraft:damage_dealt":7308,"minecraft:swim_one_cm":84510,"minecraft:fly_one_cm":1587850,"minecraft:open_chest":256,"minecraft:crouch_one_cm":224,"tombstone:undead_killed":20,"minecraft:fall_one_cm":165088,"minecraft:horse_one_cm":34477}},"DataVersion":3465}